\BOOKMARK [-1][-]{part.1}{\376\377\000I\000\040\000C\000y\000c\000l\000e\000\040\000I\000:\000\040\000A\000l\000g\000e\000b\000r\000a\000i\000c\000\040\000R\000S\000V\000P\000\040\040\024\000\040\000T\000h\000e\000\040\000C\000o\000m\000m\000u\000t\000a\000t\000o\000r\000\040\000o\000f\000\040\000M\000e\000a\000n\000i\000n\000g\000\040\000\050\000B\000o\000o\000k\000s\000\040\0001\040\023\0005\000\051}{}% 1
\BOOKMARK [0][-]{chapter*.2}{\376\377\000P\000r\000e\000f\000a\000c\000e}{part.1}% 2
\BOOKMARK [0][-]{chapter*.3}{\376\377\000D\000i\000a\000g\000r\000a\000m\000m\000a\000t\000i\000c\000\040\000M\000a\000p}{part.1}% 3
\BOOKMARK [0][-]{chapter*.4}{\376\377\000R\000e\000a\000d\000i\000n\000g\000\040\000N\000o\000t\000e}{part.1}% 4
\BOOKMARK [-1][-]{part.2}{\376\377\000I\000I\000\040\000F\000o\000u\000n\000d\000a\000t\000i\000o\000n\000s\000\040\000o\000f\000\040\000C\000o\000m\000m\000u\000t\000a\000t\000o\000r\000\040\000G\000e\000o\000m\000e\000t\000r\000y}{}% 5
\BOOKMARK [0][-]{chapter.1}{\376\377\000F\000r\000o\000m\000\040\000D\000i\000f\000f\000e\000r\000e\000n\000t\000i\000a\000l\000\040\000F\000i\000e\000l\000d\000s\000\040\000t\000o\000\040\000L\000i\000e\000\040\000A\000l\000g\000e\000b\000r\000a\000s}{part.2}% 6
\BOOKMARK [0][-]{chapter.2}{\376\377\000T\000h\000e\000r\000m\000o\000d\000y\000n\000a\000m\000i\000c\000\040\000C\000u\000r\000v\000a\000t\000u\000r\000e\000\040\000a\000n\000d\000\040\000I\000n\000v\000a\000r\000i\000a\000n\000t\000s}{part.2}% 7
\BOOKMARK [-1][-]{part.3}{\376\377\000I\000I\000I\000\040\000E\000n\000t\000r\000o\000p\000y\000\040\000a\000s\000\040\000I\000d\000e\000a\000l\000,\000\040\000N\000e\000g\000e\000n\000t\000r\000o\000p\000y\000\040\000a\000s\000\040\000Q\000u\000o\000t\000i\000e\000n\000t}{}% 8
\BOOKMARK [0][-]{chapter.3}{\376\377\000T\000h\000e\000\040\000R\000i\000n\000g\000\040\000o\000f\000\040\000F\000i\000e\000l\000d\000\040\000I\000n\000t\000e\000r\000a\000c\000t\000i\000o\000n\000s}{part.3}% 9
\BOOKMARK [0][-]{chapter.4}{\376\377\000E\000n\000t\000r\000o\000p\000y\000\040\000I\000d\000e\000a\000l\000s\000\040\000a\000n\000d\000\040\000N\000e\000g\000e\000n\000t\000r\000o\000p\000i\000c\000\040\000S\000p\000e\000c\000t\000r\000a}{part.3}% 10
\BOOKMARK [-1][-]{part.4}{\376\377\000I\000V\000\040\000S\000y\000m\000m\000e\000t\000r\000y\000\040\000B\000r\000e\000a\000k\000i\000n\000g\000\040\000a\000n\000d\000\040\000T\000e\000l\000e\000o\000l\000o\000g\000i\000c\000a\000l\000\040\000A\000s\000c\000e\000n\000t}{}% 11
\BOOKMARK [0][-]{chapter.5}{\376\377\000A\000l\000g\000e\000b\000r\000a\000i\000c\000\040\000S\000y\000m\000m\000e\000t\000r\000y\000\040\000a\000n\000d\000\040\000I\000t\000s\000\040\000V\000i\000o\000l\000a\000t\000i\000o\000n\000s}{part.4}% 12
\BOOKMARK [0][-]{chapter.6}{\376\377\000R\000e\000t\000r\000o\000c\000a\000u\000s\000a\000l\000i\000t\000y\000\040\000a\000n\000d\000\040\000R\000e\000v\000e\000r\000s\000i\000b\000i\000l\000i\000t\000y}{part.4}% 13
\BOOKMARK [-1][-]{part.5}{\376\377\000V\000\040\000C\000o\000h\000o\000m\000o\000l\000o\000g\000y\000\040\000a\000n\000d\000\040\000C\000o\000n\000s\000e\000r\000v\000a\000t\000i\000o\000n\000\040\000o\000f\000\040\000M\000e\000a\000n\000i\000n\000g}{}% 14
\BOOKMARK [0][-]{chapter.7}{\376\377\000T\000h\000e\000\040\000R\000S\000V\000P\000\040\000C\000o\000c\000h\000a\000i\000n\000\040\000C\000o\000m\000p\000l\000e\000x}{part.5}% 15
\BOOKMARK [0][-]{chapter.8}{\376\377\000T\000o\000p\000o\000l\000o\000g\000i\000c\000a\000l\000\040\000P\000e\000r\000s\000i\000s\000t\000e\000n\000c\000e\000\040\000a\000n\000d\000\040\000E\000t\000h\000i\000c\000a\000l\000\040\000I\000n\000t\000e\000g\000r\000i\000t\000y}{part.5}% 16
\BOOKMARK [-1][-]{part.6}{\376\377\000V\000I\000\040\000T\000h\000e\000\040\000B\000V\000\040\000A\000l\000g\000e\000b\000r\000a\000\040\000o\000f\000\040\000D\000e\000s\000i\000r\000e}{}% 17
\BOOKMARK [0][-]{chapter.9}{\376\377\000B\000a\000t\000a\000l\000i\000n\040\023\000V\000i\000l\000k\000o\000v\000i\000s\000k\000y\000\040\000S\000t\000r\000u\000c\000t\000u\000r\000e\000\040\000o\000n\000\040\000t\000h\000e\000\040\000P\000l\000e\000n\000u\000m}{part.6}% 18
\BOOKMARK [0][-]{chapter.10}{\376\377\000Q\000u\000a\000n\000t\000i\000z\000a\000t\000i\000o\000n\000\040\000W\000i\000t\000h\000o\000u\000t\000\040\000D\000i\000s\000c\000r\000e\000t\000i\000z\000a\000t\000i\000o\000n}{part.6}% 19
\BOOKMARK [-1][-]{part.7}{\376\377\000V\000I\000I\000\040\000S\000y\000n\000t\000h\000e\000s\000i\000s\000:\000\040\000A\000l\000g\000e\000b\000r\000a\000\040\000a\000s\000\040\000t\000h\000e\000\040\000G\000r\000a\000m\000m\000a\000r\000\040\000o\000f\000\040\000P\000e\000r\000s\000i\000s\000t\000e\000n\000c\000e}{}% 20
\BOOKMARK [0][-]{chapter.11}{\376\377\000C\000o\000m\000m\000u\000t\000a\000t\000o\000r\000\040\000E\000t\000h\000i\000c\000s}{part.7}% 21
\BOOKMARK [0][-]{chapter.12}{\376\377\000T\000h\000e\000\040\000C\000o\000n\000s\000e\000r\000v\000a\000t\000i\000o\000n\000\040\000o\000f\000\040\000C\000a\000r\000e}{part.7}% 22
\BOOKMARK [0][-]{chapter*.5}{\376\377\000A\000p\000p\000e\000n\000d\000i\000x\000\040\000A\000:\000\040\000N\000o\000t\000a\000t\000i\000o\000n\000\040\000a\000n\000d\000\040\000S\000y\000m\000b\000o\000l\000i\000c\000\040\000C\000o\000n\000v\000e\000n\000t\000i\000o\000n\000s}{part.7}% 23
\BOOKMARK [0][-]{chapter*.6}{\376\377\000A\000p\000p\000e\000n\000d\000i\000x\000\040\000B\000:\000\040\000S\000a\000m\000p\000l\000e\000\040\000S\000i\000m\000u\000l\000a\000t\000i\000o\000n\000s\000\040\000o\000f\000\040\000C\000o\000m\000m\000u\000t\000a\000t\000o\000r\000\040\000D\000y\000n\000a\000m\000i\000c\000s}{part.7}% 24
\BOOKMARK [0][-]{chapter*.7}{\376\377\000A\000p\000p\000e\000n\000d\000i\000x\000\040\000C\000:\000\040\000P\000r\000o\000o\000f\000s\000\040\000o\000f\000\040\000J\000a\000c\000o\000b\000i\000\040\000a\000n\000d\000\040\000C\000o\000h\000o\000m\000o\000l\000o\000g\000y\000\040\000I\000d\000e\000n\000t\000i\000t\000i\000e\000s}{part.7}% 25
\BOOKMARK [0][-]{chapter*.8}{\376\377\000A\000p\000p\000e\000n\000d\000i\000x\000\040\000D\000:\000\040\000E\000t\000h\000i\000c\000a\000l\000\040\000C\000o\000m\000m\000e\000n\000t\000a\000r\000y\000:\000\040\000`\000`\000E\000v\000e\000r\000y\000\040\000G\000r\000a\000d\000i\000e\000n\000t\000\040\000i\000s\000\040\000a\000\040\000P\000r\000o\000m\000i\000s\000e\000'\000'}{part.7}% 26
\BOOKMARK [0][-]{chapter*.9}{\376\377\000E\000d\000i\000t\000o\000r\000i\000a\000l\000\040\000N\000o\000t\000e\000:\000\040\000O\000n\000\040\000B\000o\000o\000k\000\040\0002\000\040\000a\000n\000d\000\040\000B\000o\000o\000k\000\040\0001\000'\000s\000\040\000P\000a\000r\000t\000\040\000I\000I}{part.7}% 27
\BOOKMARK [0][-]{chapter*.10}{\376\377\000P\000r\000e\000f\000a\000c\000e}{part.7}% 28
\BOOKMARK [0][-]{chapter*.11}{\376\377\000C\000o\000n\000c\000e\000p\000t\000\040\000M\000a\000p}{part.7}% 29
\BOOKMARK [0][-]{chapter*.12}{\376\377\000R\000e\000a\000d\000i\000n\000g\000\040\000N\000o\000t\000e}{part.7}% 30
\BOOKMARK [-1][-]{part.8}{\376\377\000V\000I\000I\000I\000\040\000T\000h\000e\000\040\000R\000i\000n\000g\000\040\000o\000f\000\040\000S\000c\000a\000l\000a\000r\040\023\000E\000n\000t\000r\000o\000p\000y\000\040\000O\000b\000s\000e\000r\000v\000a\000b\000l\000e\000s}{}% 31
\BOOKMARK [0][-]{chapter.13}{\376\377\000C\000o\000n\000s\000t\000r\000u\000c\000t\000i\000n\000g\000\040\000R\0002}{part.8}% 32
\BOOKMARK [0][-]{chapter.14}{\376\377\000R\000i\000n\000g\000\040\000A\000x\000i\000o\000m\000s\000\040\000a\000n\000d\000\040\000T\000h\000e\000i\000r\000\040\000T\000h\000e\000r\000m\000o\000d\000y\000n\000a\000m\000i\000c\000\040\000M\000e\000a\000n\000i\000n\000g}{part.8}% 33
\BOOKMARK [-1][-]{part.9}{\376\377\000I\000X\000\040\000T\000h\000e\000\040\000I\000d\000e\000a\000l\000\040\000S\000t\000r\000u\000c\000t\000u\000r\000e\000\040\000o\000f\000\040\000E\000n\000t\000r\000o\000p\000y}{}% 34
\BOOKMARK [0][-]{chapter.15}{\376\377\000T\000h\000e\000\040\000M\000a\000x\000i\000m\000a\000l\000\040\000I\000d\000e\000a\000l\000,\000\040\000P\000r\000o\000p\000e\000r\000l\000y\000\040\000E\000s\000t\000a\000b\000l\000i\000s\000h\000e\000d}{part.9}% 35
\BOOKMARK [0][-]{chapter.16}{\376\377\000C\000h\000a\000i\000n\000s\000\040\000o\000f\000\040\000I\000d\000e\000a\000l\000s\000\040\000a\000n\000d\000\040\000t\000h\000e\000\040\000A\000p\000p\000r\000o\000a\000c\000h\000\040\000t\000o\000\040\000M\000a\000x\000i\000m\000a\000l\000i\000t\000y}{part.9}% 36
\BOOKMARK [-1][-]{part.10}{\376\377\000X\000\040\000T\000h\000e\000\040\000S\000p\000e\000c\000t\000r\000u\000m\000\040\000o\000f\000\040\000t\000h\000e\000\040\000P\000l\000e\000n\000u\000m}{}% 37
\BOOKMARK [0][-]{chapter.17}{\376\377\000C\000o\000n\000s\000t\000r\000u\000c\000t\000i\000n\000g\000\040\000S\000p\000e\000c\000R\0002}{part.10}% 38
\BOOKMARK [0][-]{chapter.18}{\376\377\000L\000o\000c\000a\000l\000i\000z\000a\000t\000i\000o\000n\000\040\000a\000t\000\040\000m\000S}{part.10}% 39
\BOOKMARK [-1][-]{part.11}{\376\377\000X\000I\000\040\000N\000e\000g\000e\000n\000t\000r\000o\000p\000i\000c\000\040\000I\000n\000v\000a\000r\000i\000a\000n\000t\000s}{}% 40
\BOOKMARK [0][-]{chapter.19}{\376\377\000T\000h\000e\000\040\000Q\000u\000o\000t\000i\000e\000n\000t\000\040\000R\000i\000n\000g\000\040\000a\000n\000d\000\040\000W\000h\000a\000t\000\040\000I\000t\000\040\000R\000e\000t\000a\000i\000n\000s}{part.11}% 41
\BOOKMARK [0][-]{chapter.20}{\376\377\000C\000l\000a\000s\000s\000i\000f\000y\000i\000n\000g\000\040\000t\000h\000e\000\040\000I\000n\000v\000a\000r\000i\000a\000n\000t\000s}{part.11}% 42
\BOOKMARK [-1][-]{part.12}{\376\377\000X\000I\000I\000\040\000P\000h\000y\000s\000i\000c\000a\000l\000\040\000a\000n\000d\000\040\000E\000t\000h\000i\000c\000a\000l\000\040\000O\000r\000d\000e\000r\000\040\000a\000s\000\040\000L\000o\000c\000a\000l\000i\000z\000a\000t\000i\000o\000n\000s}{}% 43
\BOOKMARK [0][-]{chapter.21}{\376\377\000P\000h\000y\000s\000i\000c\000a\000l\000\040\000R\000e\000g\000i\000m\000e\000s\000\040\000a\000s\000\040\000P\000o\000i\000n\000t\000s\000\040\000o\000f\000\040\000t\000h\000e\000\040\000S\000p\000e\000c\000t\000r\000u\000m}{part.12}% 44
\BOOKMARK [0][-]{chapter.22}{\376\377\000E\000t\000h\000i\000c\000a\000l\000\040\000O\000r\000d\000e\000r\000\040\000a\000s\000\040\000L\000o\000c\000a\000l\000i\000z\000a\000t\000i\000o\000n}{part.12}% 45
\BOOKMARK [-1][-]{part.13}{\376\377\000X\000I\000I\000I\000\040\000S\000y\000n\000t\000h\000e\000s\000i\000s\000:\000\040\000F\000r\000o\000m\000\040\000R\000i\000n\000g\000\040\000t\000o\000\040\000D\000y\000n\000a\000m\000i\000c\000s}{}% 46
\BOOKMARK [0][-]{chapter.23}{\376\377\000R\000e\000c\000o\000v\000e\000r\000i\000n\000g\000\040\000B\000o\000o\000k\000\040\0001\000'\000s\000\040\000R\000i\000n\000g\000\040\000f\000r\000o\000m\000\040\000R\0002}{part.13}% 47
\BOOKMARK [0][-]{chapter.24}{\376\377\000B\000r\000i\000d\000g\000e\000\040\000t\000o\000\040\000B\000o\000o\000k\000\040\0003}{part.13}% 48
\BOOKMARK [0][-]{chapter*.13}{\376\377\000A\000p\000p\000e\000n\000d\000i\000x\000\040\000A\000:\000\040\000C\000o\000m\000m\000u\000t\000a\000t\000i\000v\000e\000\040\000A\000l\000g\000e\000b\000r\000a\000\040\000B\000a\000c\000k\000g\000r\000o\000u\000n\000d\000\040\040\024\000\040\000I\000d\000e\000a\000l\000s\000,\000\040\000P\000r\000i\000m\000e\000s\000,\000\040\000a\000n\000d\000\040\000S\000p\000e\000c\000t\000r\000a}{part.13}% 49
\BOOKMARK [0][-]{chapter*.14}{\376\377\000A\000p\000p\000e\000n\000d\000i\000x\000\040\000B\000:\000\040\000W\000o\000r\000k\000e\000d\000\040\000E\000x\000a\000m\000p\000l\000e\000\040\040\024\000\040\000S\000p\000e\000c\000t\000r\000u\000m\000\040\000o\000f\000\040\000a\000\040\000T\000o\000y\000\040\000P\000l\000e\000n\000u\000m\000\040\000R\000i\000n\000g}{part.13}% 50
\BOOKMARK [0][-]{chapter*.15}{\376\377\000A\000p\000p\000e\000n\000d\000i\000x\000\040\000C\000:\000\040\000P\000r\000o\000o\000f\000\040\000t\000h\000a\000t\000\040\000R\0002\000\040\000I\000s\000\040\000C\000o\000m\000m\000u\000t\000a\000t\000i\000v\000e}{part.13}% 51
\BOOKMARK [0][-]{chapter*.16}{\376\377\000A\000p\000p\000e\000n\000d\000i\000x\000\040\000D\000:\000\040\000E\000t\000h\000i\000c\000a\000l\000\040\000E\000p\000i\000l\000o\000g\000u\000e\000\040\040\024\000\040\000`\000`\000W\000h\000a\000t\000\040\000R\000e\000m\000a\000i\000n\000s\000\040\000W\000i\000t\000h\000o\000u\000t\000\040\000M\000o\000t\000i\000o\000n\000'\000'}{part.13}% 52
\BOOKMARK [0][-]{chapter*.17}{\376\377\000P\000r\000e\000f\000a\000c\000e}{part.13}% 53
\BOOKMARK [0][-]{chapter*.18}{\376\377\000C\000o\000n\000c\000e\000p\000t\000u\000a\000l\000\040\000M\000a\000p}{part.13}% 54
\BOOKMARK [0][-]{chapter*.19}{\376\377\000R\000e\000a\000d\000i\000n\000g\000\040\000N\000o\000t\000e}{part.13}% 55
\BOOKMARK [-1][-]{part.14}{\376\377\000X\000I\000V\000\040\000T\000h\000e\000\040\000A\000n\000a\000t\000o\000m\000y\000\040\000o\000f\000\040\000S\000y\000m\000m\000e\000t\000r\000y}{}% 56
\BOOKMARK [0][-]{chapter.25}{\376\377\000P\000e\000r\000f\000e\000c\000t\000\040\000S\000y\000m\000m\000e\000t\000r\000y\000\040\000a\000n\000d\000\040\000I\000t\000s\000\040\000S\000i\000l\000e\000n\000c\000e}{part.14}% 57
\BOOKMARK [0][-]{chapter.26}{\376\377\000I\000n\000f\000i\000n\000i\000t\000e\000s\000i\000m\000a\000l\000\040\000A\000s\000y\000m\000m\000e\000t\000r\000y}{part.14}% 58
\BOOKMARK [-1][-]{part.15}{\376\377\000X\000V\000\040\000G\000r\000a\000d\000e\000d\000\040\000L\000i\000e\000\040\000A\000l\000g\000e\000b\000r\000a\000\040\000o\000f\000\040\000T\000e\000l\000e\000o\000l\000o\000g\000y}{}% 59
\BOOKMARK [0][-]{chapter.27}{\376\377\000C\000o\000n\000s\000t\000r\000u\000c\000t\000i\000n\000g\000\040\000t\000h\000e\000\040\000T\000e\000l\000e\000o\000l\000o\000g\000i\000c\000a\000l\000\040\000G\000r\000a\000d\000i\000n\000g}{part.15}% 60
\BOOKMARK [0][-]{chapter.28}{\376\377\000C\000a\000u\000s\000a\000t\000i\000o\000n\000\040\000a\000n\000d\000\040\000D\000i\000r\000e\000c\000t\000i\000o\000n\000a\000l\000i\000t\000y}{part.15}% 61
\BOOKMARK [-1][-]{part.16}{\376\377\000X\000V\000I\000\040\000T\000e\000l\000e\000o\000l\000o\000g\000i\000c\000a\000l\000\040\000O\000p\000e\000r\000a\000t\000o\000r\000s\000\040\000a\000n\000d\000\040\000L\000e\000a\000r\000n\000i\000n\000g\000\040\000D\000y\000n\000a\000m\000i\000c\000s}{}% 62
\BOOKMARK [0][-]{chapter.29}{\376\377\000T\000h\000e\000\040\000T\000e\000l\000e\000o\000l\000o\000g\000i\000c\000a\000l\000\040\000O\000p\000e\000r\000a\000t\000o\000r\000\040\000T}{part.16}% 63
\BOOKMARK [0][-]{chapter.30}{\376\377\000S\000e\000l\000f\000-\000R\000e\000f\000e\000r\000e\000n\000c\000e\000\040\000a\000n\000d\000\040\000R\000e\000c\000u\000r\000s\000i\000v\000e\000\040\000F\000u\000t\000a\000r\000c\000h\000y}{part.16}% 64
\BOOKMARK [-1][-]{part.17}{\376\377\000X\000V\000I\000I\000\040\000B\000r\000o\000k\000e\000n\000\040\000S\000y\000m\000m\000e\000t\000r\000y\000\040\000a\000n\000d\000\040\000E\000t\000h\000i\000c\000a\000l\000\040\000C\000u\000r\000v\000a\000t\000u\000r\000e}{}% 65
\BOOKMARK [0][-]{chapter.31}{\376\377\000F\000r\000o\000m\000\040\000A\000l\000g\000e\000b\000r\000a\000\040\000t\000o\000\040\000G\000e\000o\000m\000e\000t\000r\000y}{part.17}% 66
\BOOKMARK [0][-]{chapter.32}{\376\377\000T\000h\000e\000\040\000E\000t\000h\000i\000c\000a\000l\000\040\000P\000o\000t\000e\000n\000t\000i\000a\000l}{part.17}% 67
\BOOKMARK [-1][-]{part.18}{\376\377\000X\000V\000I\000I\000I\000\040\000R\000e\000t\000r\000o\000c\000a\000u\000s\000a\000l\000i\000t\000y\000\040\000a\000n\000d\000\040\000R\000e\000f\000l\000e\000c\000t\000i\000o\000n}{}% 68
\BOOKMARK [0][-]{chapter.33}{\376\377\000T\000e\000l\000e\000o\000l\000o\000g\000y\000\040\000v\000e\000r\000s\000u\000s\000\040\000R\000e\000v\000e\000r\000s\000i\000b\000i\000l\000i\000t\000y}{part.18}% 69
\BOOKMARK [0][-]{chapter.34}{\376\377\000A\000u\000t\000o\000n\000o\000m\000y\000\040\000a\000n\000d\000\040\000S\000e\000l\000f\000-\000C\000o\000n\000s\000i\000s\000t\000e\000n\000c\000y}{part.18}% 70
\BOOKMARK [-1][-]{part.19}{\376\377\000X\000I\000X\000\040\000A\000p\000p\000l\000i\000c\000a\000t\000i\000o\000n\000s\000\040\000a\000n\000d\000\040\000B\000r\000i\000d\000g\000e\000s}{}% 71
\BOOKMARK [0][-]{chapter.35}{\376\377\000C\000o\000s\000m\000i\000c\000\040\000S\000y\000m\000m\000e\000t\000r\000y\000\040\000B\000r\000e\000a\000k\000i\000n\000g}{part.19}% 72
\BOOKMARK [0][-]{chapter.36}{\376\377\000C\000o\000g\000n\000i\000t\000i\000v\000e\000\040\000S\000y\000m\000m\000e\000t\000r\000y\000\040\000B\000r\000e\000a\000k\000i\000n\000g}{part.19}% 73
\BOOKMARK [0][-]{chapter*.20}{\376\377\000A\000p\000p\000e\000n\000d\000i\000x\000\040\000A\000:\000\040\000A\000l\000g\000e\000b\000r\000a\000i\000c\000\040\000I\000d\000e\000n\000t\000i\000t\000i\000e\000s\000\040\000f\000o\000r\000\040\000G\000r\000a\000d\000e\000d\000\040\000C\000o\000m\000m\000u\000t\000a\000t\000o\000r\000s}{part.19}% 74
\BOOKMARK [0][-]{chapter*.21}{\376\377\000A\000p\000p\000e\000n\000d\000i\000x\000\040\000B\000:\000\040\000P\000r\000o\000o\000f\000\040\000o\000f\000\040\000M\000o\000n\000o\000t\000o\000n\000i\000c\000i\000t\000y\000\040\000o\000f\000\040\000t\000h\000e\000\040\000E\000t\000h\000i\000c\000a\000l\000\040\000P\000o\000t\000e\000n\000t\000i\000a\000l}{part.19}% 75
\BOOKMARK [0][-]{chapter*.22}{\376\377\000A\000p\000p\000e\000n\000d\000i\000x\000\040\000C\000:\000\040\000N\000u\000m\000e\000r\000i\000c\000a\000l\000\040\000F\000r\000a\000m\000e\000w\000o\000r\000k\000\040\000f\000o\000r\000\040\000T\000e\000l\000e\000o\000l\000o\000g\000i\000c\000a\000l\000\040\000L\000e\000a\000r\000n\000i\000n\000g\000\040\000O\000p\000e\000r\000a\000t\000o\000r\000s}{part.19}% 76
\BOOKMARK [0][-]{chapter*.23}{\376\377\000A\000p\000p\000e\000n\000d\000i\000x\000\040\000D\000:\000\040\000P\000h\000i\000l\000o\000s\000o\000p\000h\000i\000c\000a\000l\000\040\000N\000o\000t\000e\000:\000\040\000`\000`\000E\000v\000e\000r\000y\000\040\000A\000s\000y\000m\000m\000e\000t\000r\000y\000\040\000i\000s\000\040\000a\000n\000\040\000I\000n\000v\000i\000t\000a\000t\000i\000o\000n\000\040\000t\000o\000\040\000A\000c\000t\000'\000'}{part.19}% 77
\BOOKMARK [0][-]{chapter*.24}{\376\377\000P\000r\000e\000f\000a\000c\000e}{part.19}% 78
\BOOKMARK [0][-]{chapter*.25}{\376\377\000C\000o\000n\000c\000e\000p\000t\000\040\000M\000a\000p}{part.19}% 79
\BOOKMARK [0][-]{chapter*.26}{\376\377\000R\000e\000a\000d\000i\000n\000g\000\040\000N\000o\000t\000e}{part.19}% 80
\BOOKMARK [-1][-]{part.20}{\376\377\000X\000X\000\040\000T\000h\000e\000\040\000C\000o\000h\000o\000m\000o\000l\000o\000g\000i\000c\000a\000l\000\040\000P\000l\000e\000n\000u\000m}{}% 81
\BOOKMARK [0][-]{chapter.37}{\376\377\000C\000l\000o\000s\000e\000d\000\040\000F\000o\000r\000m\000s\000\040\000a\000n\000d\000\040\000S\000e\000m\000a\000n\000t\000i\000c\000\040\000P\000e\000r\000s\000i\000s\000t\000e\000n\000c\000e}{part.20}% 82
\BOOKMARK [0][-]{chapter.38}{\376\377\000E\000n\000t\000r\000o\000p\000y\000\040\000D\000i\000f\000f\000e\000r\000e\000n\000t\000i\000a\000l\000\040\000a\000n\000d\000\040\000C\000o\000h\000o\000m\000o\000l\000o\000g\000i\000c\000a\000l\000\040\000E\000n\000e\000r\000g\000y}{part.20}% 83
\BOOKMARK [-1][-]{part.21}{\376\377\000X\000X\000I\000\040\000H\000o\000m\000o\000l\000o\000g\000y\000,\000\040\000M\000e\000m\000o\000r\000y\000,\000\040\000a\000n\000d\000\040\000R\000e\000c\000o\000n\000s\000t\000r\000u\000c\000t\000i\000o\000n}{}% 84
\BOOKMARK [0][-]{chapter.39}{\376\377\000H\000o\000m\000o\000l\000o\000g\000i\000c\000a\000l\000\040\000D\000u\000a\000l\000\040\000o\000f\000\040\000A\000c\000t\000i\000o\000n}{part.21}% 85
\BOOKMARK [0][-]{chapter.40}{\376\377\000P\000e\000r\000s\000i\000s\000t\000e\000n\000t\000\040\000H\000o\000m\000o\000l\000o\000g\000y\000\040\000a\000n\000d\000\040\000E\000n\000t\000r\000o\000p\000i\000c\000\040\000F\000i\000l\000t\000r\000a\000t\000i\000o\000n}{part.21}% 86
\BOOKMARK [-1][-]{part.22}{\376\377\000X\000X\000I\000I\000\040\000T\000h\000e\000\040\000C\000o\000h\000o\000m\000o\000l\000o\000g\000y\000\040\000o\000f\000\040\000E\000t\000h\000i\000c\000s}{}% 87
\BOOKMARK [0][-]{chapter.41}{\376\377\000E\000t\000h\000i\000c\000a\000l\000\040\000F\000o\000r\000m\000s\000\040\000a\000n\000d\000\040\000B\000o\000u\000n\000d\000a\000r\000i\000e\000s}{part.22}% 88
\BOOKMARK [0][-]{chapter.42}{\376\377\000M\000o\000r\000a\000l\000\040\000F\000l\000u\000x\000\040\000a\000n\000d\000\040\000E\000n\000t\000r\000o\000p\000i\000c\000\040\000C\000u\000r\000r\000e\000n\000t}{part.22}% 89
\BOOKMARK [-1][-]{part.23}{\376\377\000X\000X\000I\000I\000I\000\040\000C\000o\000h\000o\000m\000o\000l\000o\000g\000y\000\040\000a\000n\000d\000\040\000C\000o\000g\000n\000i\000t\000i\000o\000n}{}% 90
\BOOKMARK [0][-]{chapter.43}{\376\377\000C\000o\000g\000n\000i\000t\000i\000v\000e\000\040\000C\000y\000c\000l\000e\000s\000\040\000a\000s\000\040\000C\000o\000h\000o\000m\000o\000l\000o\000g\000y\000\040\000C\000l\000a\000s\000s\000e\000s}{part.23}% 91
\BOOKMARK [0][-]{chapter.44}{\376\377\000I\000n\000f\000o\000r\000m\000a\000t\000i\000o\000n\000\040\000T\000o\000p\000o\000l\000o\000g\000y\000\040\000o\000f\000\040\000L\000a\000n\000g\000u\000a\000g\000e}{part.23}% 92
\BOOKMARK [-1][-]{part.24}{\376\377\000X\000X\000I\000V\000\040\000E\000n\000t\000r\000o\000p\000y\000,\000\040\000E\000x\000a\000c\000t\000n\000e\000s\000s\000,\000\040\000a\000n\000d\000\040\000L\000o\000s\000s}{}% 93
\BOOKMARK [0][-]{chapter.45}{\376\377\000E\000x\000a\000c\000t\000\040\000F\000o\000r\000m\000s\000\040\000a\000n\000d\000\040\000F\000o\000r\000g\000e\000t\000t\000i\000n\000g}{part.24}% 94
\BOOKMARK [0][-]{chapter.46}{\376\377\000R\000e\000c\000o\000n\000s\000t\000r\000u\000c\000t\000i\000o\000n\000\040\000a\000n\000d\000\040\000R\000e\000-\000c\000l\000o\000s\000u\000r\000e}{part.24}% 95
\BOOKMARK [-1][-]{part.25}{\376\377\000X\000X\000V\000\040\000G\000l\000o\000b\000a\000l\000\040\000C\000o\000n\000s\000e\000r\000v\000a\000t\000i\000o\000n\000\040\000o\000f\000\040\000M\000e\000a\000n\000i\000n\000g}{}% 96
\BOOKMARK [0][-]{chapter.47}{\376\377\000T\000h\000e\000\040\000R\000S\000V\000P\000\040\000G\000a\000u\000s\000s\040\023\000B\000o\000n\000n\000e\000t\000\040\000I\000d\000e\000n\000t\000i\000t\000y}{part.25}% 97
\BOOKMARK [0][-]{chapter.48}{\376\377\000E\000t\000h\000i\000c\000a\000l\000\040\000E\000n\000t\000r\000o\000p\000y\000\040\000a\000n\000d\000\040\000S\000e\000m\000a\000n\000t\000i\000c\000\040\000H\000e\000a\000t\000\040\000D\000e\000a\000t\000h}{part.25}% 98
\BOOKMARK [0][-]{chapter*.27}{\376\377\000A\000p\000p\000e\000n\000d\000i\000x\000\040\000A\000:\000\040\000M\000a\000t\000h\000e\000m\000a\000t\000i\000c\000a\000l\000\040\000B\000a\000c\000k\000g\000r\000o\000u\000n\000d\000\040\040\024\000\040\000d\000e\000\040\000R\000h\000a\000m\000\040\000a\000n\000d\000\040\000P\000e\000r\000s\000i\000s\000t\000e\000n\000t\000\040\000C\000o\000h\000o\000m\000o\000l\000o\000g\000y}{part.25}% 99
\BOOKMARK [0][-]{chapter*.28}{\376\377\000A\000p\000p\000e\000n\000d\000i\000x\000\040\000B\000:\000\040\000P\000s\000e\000u\000d\000o\000c\000o\000d\000e\000\040\000f\000o\000r\000\040\000E\000n\000t\000r\000o\000p\000y\000-\000W\000e\000i\000g\000h\000t\000e\000d\000\040\000P\000e\000r\000s\000i\000s\000t\000e\000n\000t\000\040\000D\000i\000a\000g\000r\000a\000m\000s}{part.25}% 100
\BOOKMARK [0][-]{chapter*.29}{\376\377\000A\000p\000p\000e\000n\000d\000i\000x\000\040\000C\000:\000\040\000P\000r\000o\000o\000f\000\040\000o\000f\000\040\000t\000h\000e\000\040\000R\000S\000V\000P\000\040\000G\000a\000u\000s\000s\040\023\000B\000o\000n\000n\000e\000t\000\040\000I\000d\000e\000n\000t\000i\000t\000y}{part.25}% 101
\BOOKMARK [0][-]{chapter*.30}{\376\377\000A\000p\000p\000e\000n\000d\000i\000x\000\040\000D\000:\000\040\000P\000h\000i\000l\000o\000s\000o\000p\000h\000i\000c\000a\000l\000\040\000E\000p\000i\000l\000o\000g\000u\000e\000\040\040\024\000\040\000`\000`\000T\000o\000\040\000R\000e\000m\000e\000m\000b\000e\000r\000\040\000i\000s\000\040\000t\000o\000\040\000C\000u\000r\000v\000e\000\040\000A\000g\000a\000i\000n\000'\000'}{part.25}% 102
\BOOKMARK [0][-]{chapter*.31}{\376\377\000P\000r\000e\000f\000a\000c\000e}{part.25}% 103
\BOOKMARK [0][-]{chapter*.32}{\376\377\000D\000i\000a\000g\000r\000a\000m\000m\000a\000t\000i\000c\000\040\000O\000v\000e\000r\000v\000i\000e\000w}{part.25}% 104
\BOOKMARK [0][-]{chapter*.33}{\376\377\000R\000e\000a\000d\000i\000n\000g\000\040\000N\000o\000t\000e}{part.25}% 105
\BOOKMARK [-1][-]{part.26}{\376\377\000X\000X\000V\000I\000\040\000F\000o\000u\000n\000d\000a\000t\000i\000o\000n\000s\000\040\000o\000f\000\040\000t\000h\000e\000\040\000B\000V\000\040\000F\000o\000r\000m\000a\000l\000i\000s\000m}{}% 106
\BOOKMARK [0][-]{chapter.49}{\376\377\000T\000h\000e\000\040\000R\000S\000V\000P\000\040\000A\000c\000t\000i\000o\000n\000\040\000F\000u\000n\000c\000t\000i\000o\000n\000a\000l}{part.26}% 107
\BOOKMARK [0][-]{chapter.50}{\376\377\000B\000V\000\040\000P\000h\000a\000s\000e\000\040\000S\000p\000a\000c\000e\000\040\000o\000f\000\040\000t\000h\000e\000\040\000P\000l\000e\000n\000u\000m}{part.26}% 108
\BOOKMARK [-1][-]{part.27}{\376\377\000X\000X\000V\000I\000I\000\040\000T\000h\000e\000\040\000M\000a\000s\000t\000e\000r\000\040\000E\000q\000u\000a\000t\000i\000o\000n\000\040\000a\000n\000d\000\040\000C\000u\000r\000v\000a\000t\000u\000r\000e\000\040\000C\000o\000n\000s\000i\000s\000t\000e\000n\000c\000y}{}% 109
\BOOKMARK [0][-]{chapter.51}{\376\377\000T\000h\000e\000\040\000C\000l\000a\000s\000s\000i\000c\000a\000l\000\040\000M\000a\000s\000t\000e\000r\000\040\000E\000q\000u\000a\000t\000i\000o\000n}{part.27}% 110
\BOOKMARK [0][-]{chapter.52}{\376\377\000G\000a\000u\000g\000e\000\040\000S\000y\000m\000m\000e\000t\000r\000y\000\040\000a\000n\000d\000\040\000E\000t\000h\000i\000c\000a\000l\000\040\000R\000e\000d\000u\000n\000d\000a\000n\000c\000y}{part.27}% 111
\BOOKMARK [-1][-]{part.28}{\376\377\000X\000X\000V\000I\000I\000I\000\040\000D\000e\000s\000i\000r\000e\000\040\000a\000s\000\040\000A\000n\000t\000i\000f\000i\000e\000l\000d\000\040\000D\000y\000n\000a\000m\000i\000c\000s}{}% 112
\BOOKMARK [0][-]{chapter.53}{\376\377\000T\000h\000e\000\040\000A\000n\000t\000i\000f\000i\000e\000l\000d\000\040\000O\000p\000e\000r\000a\000t\000o\000r\000\040\000*}{part.28}% 113
\BOOKMARK [0][-]{chapter.54}{\376\377\000E\000t\000h\000i\000c\000a\000l\000\040\000E\000n\000e\000r\000g\000y\000\040\000a\000n\000d\000\040\000B\000V\000\040\000C\000h\000a\000r\000g\000e}{part.28}% 114
\BOOKMARK [-1][-]{part.29}{\376\377\000X\000X\000I\000X\000\040\000Q\000u\000a\000n\000t\000i\000z\000a\000t\000i\000o\000n\000\040\000W\000i\000t\000h\000o\000u\000t\000\040\000D\000i\000s\000c\000r\000e\000t\000i\000z\000a\000t\000i\000o\000n}{}% 115
\BOOKMARK [0][-]{chapter.55}{\376\377\000F\000u\000n\000c\000t\000i\000o\000n\000a\000l\000\040\000I\000n\000t\000e\000g\000r\000a\000t\000i\000o\000n\000\040\000o\000v\000e\000r\000\040\000E\000t\000h\000i\000c\000a\000l\000\040\000H\000i\000s\000t\000o\000r\000i\000e\000s}{part.29}% 116
\BOOKMARK [0][-]{chapter.56}{\376\377\000S\000t\000o\000c\000h\000a\000s\000t\000i\000c\000\040\000B\000V\000\040\000D\000y\000n\000a\000m\000i\000c\000s}{part.29}% 117
\BOOKMARK [-1][-]{part.30}{\376\377\000X\000X\000X\000\040\000F\000r\000o\000m\000\040\000D\000e\000s\000i\000r\000e\000\040\000t\000o\000\040\000G\000e\000o\000m\000e\000t\000r\000y}{}% 118
\BOOKMARK [0][-]{chapter.57}{\376\377\000M\000a\000p\000p\000i\000n\000g\000\040\000A\000n\000t\000i\000f\000i\000e\000l\000d\000s\000\040\000t\000o\000\040\000C\000u\000r\000v\000a\000t\000u\000r\000e}{part.30}% 119
\BOOKMARK [0][-]{chapter.58}{\376\377\000T\000e\000l\000e\000o\000l\000o\000g\000i\000c\000a\000l\000\040\000Q\000u\000a\000n\000t\000i\000z\000a\000t\000i\000o\000n}{part.30}% 120
\BOOKMARK [-1][-]{part.31}{\376\377\000X\000X\000X\000I\000\040\000A\000p\000p\000l\000i\000c\000a\000t\000i\000o\000n\000s\000\040\000a\000n\000d\000\040\000B\000r\000i\000d\000g\000e\000s}{}% 121
\BOOKMARK [0][-]{chapter.59}{\376\377\000N\000e\000u\000r\000a\000l\000\040\000a\000n\000d\000\040\000C\000o\000g\000n\000i\000t\000i\000v\000e\000\040\000A\000p\000p\000l\000i\000c\000a\000t\000i\000o\000n\000s}{part.31}% 122
\BOOKMARK [0][-]{chapter.60}{\376\377\000G\000o\000v\000e\000r\000n\000a\000n\000c\000e\000\040\000a\000n\000d\000\040\000S\000o\000c\000i\000e\000t\000a\000l\000\040\000D\000e\000s\000i\000r\000e}{part.31}% 123
\BOOKMARK [0][-]{chapter*.34}{\376\377\000A\000p\000p\000e\000n\000d\000i\000x\000\040\000A\000:\000\040\000R\000e\000v\000i\000e\000w\000\040\000o\000f\000\040\000B\000V\000\040\000F\000o\000r\000m\000a\000l\000i\000s\000m\000\040\000a\000n\000d\000\040\000R\000S\000V\000P\000\040\000E\000x\000t\000e\000n\000s\000i\000o\000n\000s}{part.31}% 124
\BOOKMARK [0][-]{chapter*.35}{\376\377\000A\000p\000p\000e\000n\000d\000i\000x\000\040\000B\000:\000\040\000D\000e\000r\000i\000v\000a\000t\000i\000o\000n\000\040\000o\000f\000\040\000t\000h\000e\000\040\000B\000V\000\040\000B\000r\000a\000c\000k\000e\000t\000\040\000i\000n\000\040\000C\000o\000n\000t\000i\000n\000u\000o\000u\000s\000\040\000F\000i\000e\000l\000d\000\040\000S\000p\000a\000c\000e}{part.31}% 125
\BOOKMARK [0][-]{chapter*.36}{\376\377\000A\000p\000p\000e\000n\000d\000i\000x\000\040\000C\000:\000\040\000N\000u\000m\000e\000r\000i\000c\000a\000l\000\040\000E\000x\000a\000m\000p\000l\000e\000\040\040\024\000\040\000F\000e\000e\000d\000b\000a\000c\000k\000\040\000S\000t\000a\000b\000i\000l\000i\000z\000a\000t\000i\000o\000n\000\040\000v\000i\000a\000\040\000A\000n\000t\000i\000f\000i\000e\000l\000d\000\040\000L\000e\000a\000r\000n\000i\000n\000g}{part.31}% 126
\BOOKMARK [0][-]{chapter*.37}{\376\377\000A\000p\000p\000e\000n\000d\000i\000x\000\040\000D\000:\000\040\000E\000t\000h\000i\000c\000a\000l\000\040\000E\000p\000i\000l\000o\000g\000u\000e\000\040\040\024\000\040\000`\000`\000D\000e\000s\000i\000r\000e\000\040\000i\000s\000\040\000t\000h\000e\000\040\000U\000n\000i\000v\000e\000r\000s\000e\000\040\000C\000o\000r\000r\000e\000c\000t\000i\000n\000g\000\040\000I\000t\000s\000e\000l\000f\000'\000'}{part.31}% 127
\BOOKMARK [-1][-]{part.32}{\376\377\000X\000X\000X\000I\000I\000\040\000C\000y\000c\000l\000e\000\040\000I\000I\000:\000\040\000G\000e\000o\000m\000e\000t\000r\000i\000c\000\040\000R\000S\000V\000P\000\040\040\024\000\040\000C\000u\000r\000v\000a\000t\000u\000r\000e\000\040\000W\000i\000t\000h\000o\000u\000t\000\040\000E\000x\000p\000a\000n\000s\000i\000o\000n\000\040\000\050\000B\000o\000o\000k\000s\000\040\0006\040\023\0001\0000\000\051}{}% 128
\BOOKMARK [0][-]{chapter*.38}{\376\377\000P\000r\000o\000v\000e\000n\000a\000n\000c\000e\000\040\000N\000o\000t\000e\000:\000\040\000B\000o\000o\000k\000\040\0006\000'\000s\000\040\000S\000o\000u\000r\000c\000e\000\040\000D\000r\000a\000f\000t\000s}{part.32}% 129
\BOOKMARK [0][-]{chapter*.39}{\376\377\000P\000r\000e\000f\000a\000c\000e}{part.32}% 130
\BOOKMARK [0][-]{chapter*.40}{\376\377\000D\000i\000a\000g\000r\000a\000m\000m\000a\000t\000i\000c\000\040\000O\000v\000e\000r\000v\000i\000e\000w}{part.32}% 131
\BOOKMARK [0][-]{chapter*.41}{\376\377\000R\000e\000a\000d\000i\000n\000g\000\040\000N\000o\000t\000e}{part.32}% 132
\BOOKMARK [-1][-]{part.33}{\376\377\000X\000X\000X\000I\000I\000I\000\040\000T\000h\000e\000\040\000S\000t\000a\000t\000i\000c\000\040\000M\000a\000n\000i\000f\000o\000l\000d}{}% 133
\BOOKMARK [0][-]{chapter.61}{\376\377\000T\000h\000e\000\040\000R\000S\000V\000P\000\040\000M\000e\000t\000r\000i\000c\000\040\000S\000p\000a\000c\000e}{part.33}% 134
\BOOKMARK [0][-]{chapter.62}{\376\377\000E\000n\000t\000r\000o\000p\000y\000\040\000a\000s\000\040\000C\000o\000n\000n\000e\000c\000t\000i\000o\000n\000\040\000P\000o\000t\000e\000n\000t\000i\000a\000l}{part.33}% 135
\BOOKMARK [-1][-]{part.34}{\376\377\000X\000X\000X\000I\000V\000\040\000T\000e\000l\000e\000o\000d\000y\000n\000a\000m\000i\000c\000\040\000M\000e\000t\000r\000i\000c\000s}{}% 136
\BOOKMARK [0][-]{chapter.63}{\376\377\000T\000h\000e\000\040\000M\000e\000t\000r\000i\000c\000\040\000o\000f\000\040\000P\000r\000e\000f\000e\000r\000e\000n\000c\000e}{part.34}% 137
\BOOKMARK [0][-]{chapter.64}{\376\377\000C\000o\000u\000p\000l\000e\000d\000\040\000F\000i\000e\000l\000d\000\040\000C\000u\000r\000v\000a\000t\000u\000r\000e\000s}{part.34}% 138
\BOOKMARK [-1][-]{part.35}{\376\377\000X\000X\000X\000V\000\040\000E\000n\000t\000r\000o\000p\000y\000\040\000D\000i\000f\000f\000u\000s\000i\000o\000n\000\040\000a\000n\000d\000\040\000R\000i\000c\000c\000i\000\040\000F\000l\000o\000w}{}% 139
\BOOKMARK [0][-]{chapter.65}{\376\377\000T\000h\000e\000\040\000R\000S\000V\000P\000\040\000R\000i\000c\000c\000i\000\040\000F\000l\000o\000w}{part.35}% 140
\BOOKMARK [0][-]{chapter.66}{\376\377\000S\000i\000n\000g\000u\000l\000a\000r\000i\000t\000i\000e\000s\000\040\000a\000n\000d\000\040\000P\000h\000a\000s\000e\000\040\000T\000r\000a\000n\000s\000i\000t\000i\000o\000n\000s}{part.35}% 141
\BOOKMARK [-1][-]{part.36}{\376\377\000X\000X\000X\000V\000I\000\040\000G\000e\000o\000d\000e\000s\000i\000c\000s\000\040\000o\000f\000\040\000I\000n\000t\000e\000l\000l\000i\000g\000i\000b\000i\000l\000i\000t\000y}{}% 142
\BOOKMARK [0][-]{chapter.67}{\376\377\000V\000a\000r\000i\000a\000t\000i\000o\000n\000a\000l\000\040\000P\000r\000i\000n\000c\000i\000p\000l\000e\000\040\000f\000o\000r\000\040\000R\000S\000V\000P\000\040\000D\000y\000n\000a\000m\000i\000c\000s}{part.36}% 143
\BOOKMARK [0][-]{chapter.68}{\376\377\000C\000o\000g\000n\000i\000t\000i\000v\000e\000\040\000C\000u\000r\000v\000a\000t\000u\000r\000e\000\040\000a\000n\000d\000\040\000P\000r\000e\000d\000i\000c\000t\000i\000v\000e\000\040\000F\000l\000o\000w}{part.36}% 144
\BOOKMARK [-1][-]{part.37}{\376\377\000X\000X\000X\000V\000I\000I\000\040\000L\000a\000m\000p\000h\000r\000o\000n\040\023\000L\000a\000m\000p\000h\000r\000o\000d\000y\000n\000e\000\040\000C\000y\000c\000l\000e\000s}{}% 145
\BOOKMARK [0][-]{chapter.69}{\376\377\000O\000s\000c\000i\000l\000l\000a\000t\000o\000r\000y\000\040\000C\000u\000r\000v\000a\000t\000u\000r\000e\000\040\000D\000y\000n\000a\000m\000i\000c\000s}{part.37}% 146
\BOOKMARK [0][-]{chapter.70}{\376\377\000P\000e\000r\000i\000o\000d\000i\000c\000i\000t\000y\000\040\000a\000n\000d\000\040\000S\000e\000m\000a\000n\000t\000i\000c\000\040\000B\000r\000e\000a\000t\000h\000i\000n\000g}{part.37}% 147
\BOOKMARK [-1][-]{part.38}{\376\377\000X\000X\000X\000V\000I\000I\000I\000\040\000E\000m\000p\000i\000r\000i\000c\000a\000l\000\040\000H\000o\000r\000i\000z\000o\000n\000s}{}% 148
\BOOKMARK [0][-]{chapter.71}{\376\377\000O\000b\000s\000e\000r\000v\000a\000b\000l\000e\000s\000\040\000o\000f\000\040\000t\000h\000e\000\040\000S\000t\000a\000t\000i\000c\000\040\000P\000l\000e\000n\000u\000m}{part.38}% 149
\BOOKMARK [0][-]{chapter.72}{\376\377\000E\000x\000p\000e\000r\000i\000m\000e\000n\000t\000a\000l\000\040\000P\000r\000o\000t\000o\000c\000o\000l\000s\000\040\000a\000n\000d\000\040\000M\000e\000a\000s\000u\000r\000e\000m\000e\000n\000t\000\040\000E\000t\000h\000i\000c\000s}{part.38}% 150
\BOOKMARK [0][-]{chapter*.42}{\376\377\000A\000p\000p\000e\000n\000d\000i\000x\000\040\000A\000:\000\040\000D\000i\000f\000f\000e\000r\000e\000n\000t\000i\000a\000l\000-\000G\000e\000o\000m\000e\000t\000r\000y\000\040\000N\000o\000t\000a\000t\000i\000o\000n\000\040\000a\000n\000d\000\040\000R\000S\000V\000P\000\040\000A\000d\000a\000p\000t\000a\000t\000i\000o\000n\000s}{part.38}% 151
\BOOKMARK [0][-]{chapter*.43}{\376\377\000A\000p\000p\000e\000n\000d\000i\000x\000\040\000B\000:\000\040\000R\000i\000c\000c\000i\000-\000F\000l\000o\000w\000\040\000N\000u\000m\000e\000r\000i\000c\000a\000l\000\040\000S\000c\000h\000e\000m\000e\000\040\000f\000o\000r\000\040\000E\000n\000t\000r\000o\000p\000y\000\040\000F\000i\000e\000l\000d\000s}{part.38}% 152
\BOOKMARK [0][-]{chapter*.44}{\376\377\000A\000p\000p\000e\000n\000d\000i\000x\000\040\000C\000:\000\040\000P\000r\000o\000o\000f\000\040\000o\000f\000\040\000M\000o\000n\000o\000t\000o\000n\000i\000c\000i\000t\000y\000\040\000o\000f\000\040\000t\000h\000e\000\040\000R\000S\000V\000P\000\040\000E\000n\000e\000r\000g\000y\000\040\000F\000u\000n\000c\000t\000i\000o\000n\000a\000l}{part.38}% 153
\BOOKMARK [0][-]{chapter*.45}{\376\377\000A\000p\000p\000e\000n\000d\000i\000x\000\040\000D\000:\000\040\000E\000t\000h\000i\000c\000a\000l\000\040\000C\000o\000m\000m\000e\000n\000t\000a\000r\000y\000\040\040\024\000\040\000`\000`\000C\000u\000r\000v\000a\000t\000u\000r\000e\000\040\000a\000s\000\040\000C\000o\000m\000p\000a\000s\000s\000i\000o\000n\000'\000'}{part.38}% 154
\BOOKMARK [0][-]{chapter*.46}{\376\377\000P\000r\000e\000f\000a\000c\000e}{part.38}% 155
\BOOKMARK [0][-]{chapter*.47}{\376\377\000D\000i\000a\000g\000r\000a\000m\000m\000a\000t\000i\000c\000\040\000O\000v\000e\000r\000v\000i\000e\000w}{part.38}% 156
\BOOKMARK [0][-]{chapter*.48}{\376\377\000R\000e\000a\000d\000i\000n\000g\000\040\000N\000o\000t\000e}{part.38}% 157
\BOOKMARK [-1][-]{part.39}{\376\377\000X\000X\000X\000I\000X\000\040\000T\000e\000l\000e\000o\000d\000y\000n\000a\000m\000i\000c\000s\000\040\000a\000s\000\040\000G\000e\000o\000m\000e\000t\000r\000i\000c\000\040\000L\000a\000w}{}% 158
\BOOKMARK [0][-]{chapter.73}{\376\377\000T\000h\000e\000\040\000P\000r\000i\000n\000c\000i\000p\000l\000e\000\040\000o\000f\000\040\000P\000e\000r\000s\000i\000s\000t\000e\000n\000t\000\040\000P\000r\000e\000f\000e\000r\000e\000n\000c\000e}{part.39}% 159
\BOOKMARK [0][-]{chapter.74}{\376\377\000M\000e\000t\000r\000i\000c\000\040\000E\000m\000e\000r\000g\000e\000n\000c\000e\000\040\000f\000r\000o\000m\000\040\000P\000r\000e\000f\000e\000r\000e\000n\000c\000e}{part.39}% 160
\BOOKMARK [-1][-]{part.40}{\376\377\000X\000L\000\040\000G\000r\000a\000d\000i\000e\000n\000t\000\040\000F\000l\000o\000w\000s\000\040\000a\000n\000d\000\040\000E\000t\000h\000i\000c\000a\000l\000\040\000G\000e\000o\000m\000e\000t\000r\000y}{}% 161
\BOOKMARK [0][-]{chapter.75}{\376\377\000G\000r\000a\000d\000i\000e\000n\000t\000\040\000F\000l\000o\000w\000\040\000o\000f\000\040\000C\000a\000r\000e}{part.40}% 162
\BOOKMARK [0][-]{chapter.76}{\376\377\000P\000r\000e\000f\000e\000r\000e\000n\000c\000e\000\040\000P\000o\000t\000e\000n\000t\000i\000a\000l\000s\000\040\000a\000n\000d\000\040\000M\000o\000r\000a\000l\000\040\000F\000i\000e\000l\000d\000s}{part.40}% 163
\BOOKMARK [-1][-]{part.41}{\376\377\000X\000L\000I\000\040\000C\000o\000g\000n\000i\000t\000i\000v\000e\000\040\000a\000n\000d\000\040\000A\000f\000f\000e\000c\000t\000i\000v\000e\000\040\000M\000a\000n\000i\000f\000o\000l\000d\000s}{}% 164
\BOOKMARK [0][-]{chapter.77}{\376\377\000M\000i\000n\000d\000\040\000a\000s\000\040\000T\000e\000l\000e\000o\000d\000y\000n\000a\000m\000i\000c\000\040\000S\000u\000r\000f\000a\000c\000e}{part.41}% 165
\BOOKMARK [0][-]{chapter.78}{\376\377\000L\000e\000a\000r\000n\000i\000n\000g\000\040\000a\000s\000\040\000C\000u\000r\000v\000a\000t\000u\000r\000e\000\040\000D\000e\000s\000c\000e\000n\000t}{part.41}% 166
\BOOKMARK [-1][-]{part.42}{\376\377\000X\000L\000I\000I\000\040\000E\000q\000u\000i\000l\000i\000b\000r\000i\000u\000m\000\040\000a\000n\000d\000\040\000D\000e\000s\000t\000a\000b\000i\000l\000i\000z\000a\000t\000i\000o\000n}{}% 167
\BOOKMARK [0][-]{chapter.79}{\376\377\000F\000i\000x\000e\000d\000\040\000P\000o\000i\000n\000t\000s\000\040\000a\000n\000d\000\040\000P\000r\000e\000f\000e\000r\000e\000n\000c\000e\000\040\000E\000q\000u\000i\000l\000i\000b\000r\000i\000a}{part.42}% 168
\BOOKMARK [0][-]{chapter.80}{\376\377\000B\000i\000f\000u\000r\000c\000a\000t\000i\000o\000n\000\040\000a\000n\000d\000\040\000E\000t\000h\000i\000c\000a\000l\000\040\000P\000h\000a\000s\000e\000\040\000T\000r\000a\000n\000s\000i\000t\000i\000o\000n\000s}{part.42}% 169
\BOOKMARK [-1][-]{part.43}{\376\377\000X\000L\000I\000I\000I\000\040\000E\000m\000p\000i\000r\000i\000c\000a\000l\000\040\000a\000n\000d\000\040\000C\000o\000m\000p\000u\000t\000a\000t\000i\000o\000n\000a\000l\000\040\000M\000o\000d\000e\000l\000s}{}% 170
\BOOKMARK [0][-]{chapter.81}{\376\377\000S\000i\000m\000u\000l\000a\000t\000i\000n\000g\000\040\000T\000e\000l\000e\000o\000d\000y\000n\000a\000m\000i\000c\000\040\000S\000u\000r\000f\000a\000c\000e\000s}{part.43}% 171
\BOOKMARK [0][-]{chapter.82}{\376\377\000O\000b\000s\000e\000r\000v\000a\000t\000i\000o\000n\000\040\000a\000n\000d\000\040\000E\000t\000h\000i\000c\000a\000l\000\040\000I\000n\000f\000e\000r\000e\000n\000c\000e}{part.43}% 172
\BOOKMARK [-1][-]{part.44}{\376\377\000X\000L\000I\000V\000\040\000S\000y\000n\000t\000h\000e\000s\000i\000s\000\040\000a\000n\000d\000\040\000C\000o\000n\000t\000i\000n\000u\000i\000t\000y}{}% 173
\BOOKMARK [0][-]{chapter.83}{\376\377\000F\000r\000o\000m\000\040\000G\000e\000o\000m\000e\000t\000r\000y\000\040\000t\000o\000\040\000T\000e\000l\000e\000o\000l\000o\000g\000y}{part.44}% 174
\BOOKMARK [0][-]{chapter.84}{\376\377\000C\000u\000r\000v\000a\000t\000u\000r\000e\000\040\000a\000s\000\040\000C\000a\000r\000e}{part.44}% 175
\BOOKMARK [0][-]{chapter*.49}{\376\377\000A\000p\000p\000e\000n\000d\000i\000x\000\040\000A\000:\000\040\000D\000e\000r\000i\000v\000a\000t\000i\000o\000n\000\040\000o\000f\000\040\000t\000h\000e\000\040\000P\000r\000e\000f\000e\000r\000e\000n\000c\000e\000\040\000M\000e\000t\000r\000i\000c\000\040\000f\000r\000o\000m\000\040\000V\000a\000r\000i\000a\000t\000i\000o\000n\000a\000l\000\040\000F\000r\000e\000e\000\040\000E\000n\000e\000r\000g\000y}{part.44}% 176
\BOOKMARK [0][-]{chapter*.50}{\376\377\000A\000p\000p\000e\000n\000d\000i\000x\000\040\000B\000:\000\040\000R\000S\000V\000P\000\040\000T\000e\000l\000e\000o\000d\000y\000n\000a\000m\000i\000c\000s\000\040\000v\000e\000r\000s\000u\000s\000\040\000F\000r\000i\000s\000t\000o\000n\000i\000a\000n\000\040\000A\000c\000t\000i\000v\000e\000\040\000I\000n\000f\000e\000r\000e\000n\000c\000e}{part.44}% 177
\BOOKMARK [0][-]{chapter*.51}{\376\377\000A\000p\000p\000e\000n\000d\000i\000x\000\040\000C\000:\000\040\000S\000i\000m\000u\000l\000a\000t\000i\000o\000n\000\040\000C\000o\000d\000e\000\040\000f\000o\000r\000\040\000C\000u\000r\000v\000a\000t\000u\000r\000e\000-\000L\000e\000a\000r\000n\000i\000n\000g\000\040\000S\000y\000s\000t\000e\000m\000s}{part.44}% 178
\BOOKMARK [0][-]{chapter*.52}{\376\377\000A\000p\000p\000e\000n\000d\000i\000x\000\040\000D\000:\000\040\000R\000e\000f\000l\000e\000c\000t\000i\000v\000e\000\040\000E\000s\000s\000a\000y\000\040\040\024\000\040\000`\000`\000C\000a\000r\000e\000\040\000I\000s\000\040\000C\000u\000r\000v\000a\000t\000u\000r\000e\000\040\000M\000a\000d\000e\000\040\000V\000i\000s\000i\000b\000l\000e\000'\000'}{part.44}% 179
\BOOKMARK [0][-]{chapter*.53}{\376\377\000P\000r\000e\000f\000a\000c\000e}{part.44}% 180
\BOOKMARK [0][-]{chapter*.54}{\376\377\000D\000i\000a\000g\000r\000a\000m\000m\000a\000t\000i\000c\000\040\000O\000v\000e\000r\000v\000i\000e\000w}{part.44}% 181
\BOOKMARK [0][-]{chapter*.55}{\376\377\000R\000e\000a\000d\000i\000n\000g\000\040\000N\000o\000t\000e}{part.44}% 182
\BOOKMARK [-1][-]{part.45}{\376\377\000X\000L\000V\000\040\000F\000o\000u\000n\000d\000a\000t\000i\000o\000n\000s\000\040\000o\000f\000\040\000R\000i\000c\000c\000i\000\040\000F\000l\000o\000w\000\040\000i\000n\000\040\000t\000h\000e\000\040\000P\000l\000e\000n\000u\000m}{}% 183
\BOOKMARK [0][-]{chapter.85}{\376\377\000T\000h\000e\000\040\000G\000e\000o\000m\000e\000t\000r\000i\000c\000\040\000H\000e\000a\000t\000\040\000E\000q\000u\000a\000t\000i\000o\000n}{part.45}% 184
\BOOKMARK [0][-]{chapter.86}{\376\377\000T\000h\000e\000r\000m\000o\000d\000y\000n\000a\000m\000i\000c\000\040\000T\000i\000m\000e\000\040\000a\000n\000d\000\040\000C\000u\000r\000v\000a\000t\000u\000r\000e\000\040\000D\000e\000s\000c\000e\000n\000t}{part.45}% 185
\BOOKMARK [-1][-]{part.46}{\376\377\000X\000L\000V\000I\000\040\000A\000n\000a\000l\000y\000t\000i\000c\000\040\000S\000t\000r\000u\000c\000t\000u\000r\000e\000\040\000o\000f\000\040\000t\000h\000e\000\040\000F\000l\000o\000w}{}% 186
\BOOKMARK [0][-]{chapter.87}{\376\377\000E\000n\000t\000r\000o\000p\000y\000\040\000F\000u\000n\000c\000t\000i\000o\000n\000a\000l\000s\000\040\000a\000n\000d\000\040\000G\000r\000a\000d\000i\000e\000n\000t\000\040\000F\000o\000r\000m\000u\000l\000a\000t\000i\000o\000n}{part.46}% 187
\BOOKMARK [0][-]{chapter.88}{\376\377\000P\000e\000r\000e\000l\000m\000a\000n\000'\000s\000\040\000E\000n\000t\000r\000o\000p\000y\000\040\000a\000n\000d\000\040\000R\000S\000V\000P\000\040\000G\000e\000n\000e\000r\000a\000l\000i\000z\000a\000t\000i\000o\000n}{part.46}% 188
\BOOKMARK [-1][-]{part.47}{\376\377\000X\000L\000V\000I\000I\000\040\000S\000i\000n\000g\000u\000l\000a\000r\000i\000t\000i\000e\000s\000\040\000a\000n\000d\000\040\000P\000h\000a\000s\000e\000\040\000T\000r\000a\000n\000s\000i\000t\000i\000o\000n\000s}{}% 189
\BOOKMARK [0][-]{chapter.89}{\376\377\000F\000i\000n\000i\000t\000e\000-\000T\000i\000m\000e\000\040\000S\000i\000n\000g\000u\000l\000a\000r\000i\000t\000i\000e\000s}{part.47}% 190
\BOOKMARK [0][-]{chapter.90}{\376\377\000T\000o\000p\000o\000l\000o\000g\000i\000c\000a\000l\000\040\000T\000r\000a\000n\000s\000i\000t\000i\000o\000n\000s}{part.47}% 191
\BOOKMARK [-1][-]{part.48}{\376\377\000X\000L\000V\000I\000I\000I\000\040\000T\000h\000e\000r\000m\000o\000d\000y\000n\000a\000m\000i\000c\000\040\000A\000r\000r\000o\000w\000s\000\040\000a\000n\000d\000\040\000C\000o\000g\000n\000i\000t\000i\000o\000n}{}% 192
\BOOKMARK [0][-]{chapter.91}{\376\377\000E\000n\000t\000r\000o\000p\000y\000\040\000F\000l\000o\000w\000\040\000a\000s\000\040\000M\000e\000m\000o\000r\000y\000\040\000F\000o\000r\000m\000a\000t\000i\000o\000n}{part.48}% 193
\BOOKMARK [0][-]{chapter.92}{\376\377\000A\000r\000r\000o\000w\000\040\000o\000f\000\040\000T\000i\000m\000e\000\040\000a\000n\000d\000\040\000C\000o\000g\000n\000i\000t\000i\000v\000e\000\040\000I\000r\000r\000e\000v\000e\000r\000s\000i\000b\000i\000l\000i\000t\000y}{part.48}% 194
\BOOKMARK [-1][-]{part.49}{\376\377\000X\000L\000I\000X\000\040\000L\000a\000m\000p\000h\000r\000o\000n\040\023\000L\000a\000m\000p\000h\000r\000o\000d\000y\000n\000e\000\040\000O\000s\000c\000i\000l\000l\000a\000t\000i\000o\000n\000s}{}% 195
\BOOKMARK [0][-]{chapter.93}{\376\377\000O\000s\000c\000i\000l\000l\000a\000t\000o\000r\000y\000\040\000E\000n\000t\000r\000o\000p\000y\000\040\000F\000l\000o\000w}{part.49}% 196
\BOOKMARK [0][-]{chapter.94}{\376\377\000R\000e\000s\000o\000n\000a\000n\000c\000e\000\040\000a\000n\000d\000\040\000E\000t\000h\000i\000c\000a\000l\000\040\000S\000t\000a\000b\000i\000l\000i\000t\000y}{part.49}% 197
\BOOKMARK [-1][-]{part.50}{\376\377\000L\000\040\000E\000m\000p\000i\000r\000i\000c\000a\000l\000\040\000a\000n\000d\000\040\000E\000t\000h\000i\000c\000a\000l\000\040\000H\000o\000r\000i\000z\000o\000n\000s}{}% 198
\BOOKMARK [0][-]{chapter.95}{\376\377\000O\000b\000s\000e\000r\000v\000a\000t\000i\000o\000n\000a\000l\000\040\000C\000o\000n\000s\000e\000q\000u\000e\000n\000c\000e\000s}{part.50}% 199
\BOOKMARK [0][-]{chapter.96}{\376\377\000E\000t\000h\000i\000c\000a\000l\000\040\000I\000n\000t\000e\000r\000p\000r\000e\000t\000a\000t\000i\000o\000n\000\040\000o\000f\000\040\000S\000m\000o\000o\000t\000h\000i\000n\000g}{part.50}% 200
\BOOKMARK [0][-]{chapter*.56}{\376\377\000A\000p\000p\000e\000n\000d\000i\000x\000\040\000A\000:\000\040\000D\000e\000r\000i\000v\000a\000t\000i\000o\000n\000\040\000o\000f\000\040\000t\000h\000e\000\040\000R\000S\000V\000P\000\040\000E\000n\000t\000r\000o\000p\000y\000\040\000F\000u\000n\000c\000t\000i\000o\000n\000a\000l}{part.50}% 201
\BOOKMARK [0][-]{chapter*.57}{\376\377\000A\000p\000p\000e\000n\000d\000i\000x\000\040\000B\000:\000\040\000C\000o\000m\000p\000u\000t\000a\000t\000i\000o\000n\000a\000l\000\040\000R\000i\000c\000c\000i\000-\000F\000l\000o\000w\000\040\000A\000l\000g\000o\000r\000i\000t\000h\000m\000\040\000i\000n\000\040\000E\000n\000t\000r\000o\000p\000y\000\040\000C\000o\000o\000r\000d\000i\000n\000a\000t\000e\000s}{part.50}% 202
\BOOKMARK [0][-]{chapter*.58}{\376\377\000A\000p\000p\000e\000n\000d\000i\000x\000\040\000C\000:\000\040\000P\000r\000o\000o\000f\000\040\000o\000f\000\040\000M\000o\000n\000o\000t\000o\000n\000i\000c\000i\000t\000y\000\040\000o\000f\000\040\000F\000[\000g\000,\000S\000]}{part.50}% 203
\BOOKMARK [0][-]{chapter*.59}{\376\377\000A\000p\000p\000e\000n\000d\000i\000x\000\040\000D\000:\000\040\000R\000e\000f\000l\000e\000c\000t\000i\000v\000e\000\040\000E\000s\000s\000a\000y\000\040\040\024\000\040\000`\000`\000T\000i\000m\000e\000\040\000I\000s\000\040\000t\000h\000e\000\040\000D\000i\000f\000f\000u\000s\000i\000o\000n\000\040\000o\000f\000\040\000C\000a\000r\000e\000'\000'}{part.50}% 204
\BOOKMARK [0][-]{chapter*.60}{\376\377\000P\000r\000e\000f\000a\000c\000e}{part.50}% 205
\BOOKMARK [0][-]{chapter*.61}{\376\377\000D\000i\000a\000g\000r\000a\000m\000m\000a\000t\000i\000c\000\040\000O\000v\000e\000r\000v\000i\000e\000w}{part.50}% 206
\BOOKMARK [0][-]{chapter*.62}{\376\377\000R\000e\000a\000d\000i\000n\000g\000\040\000N\000o\000t\000e}{part.50}% 207
\BOOKMARK [-1][-]{part.51}{\376\377\000L\000I\000\040\000T\000h\000e\000\040\000V\000a\000r\000i\000a\000t\000i\000o\000n\000a\000l\000\040\000F\000o\000u\000n\000d\000a\000t\000i\000o\000n\000\040\000o\000f\000\040\000M\000e\000a\000n\000i\000n\000g}{}% 208
\BOOKMARK [0][-]{chapter.97}{\376\377\000T\000h\000e\000\040\000P\000r\000i\000n\000c\000i\000p\000l\000e\000\040\000o\000f\000\040\000M\000i\000n\000i\000m\000a\000l\000\040\000E\000n\000t\000r\000o\000p\000i\000c\000\040\000R\000e\000s\000i\000s\000t\000a\000n\000c\000e}{part.51}% 209
\BOOKMARK [0][-]{chapter.98}{\376\377\000E\000n\000t\000r\000o\000p\000y\000-\000W\000e\000i\000g\000h\000t\000e\000d\000\040\000A\000c\000t\000i\000o\000n}{part.51}% 210
\BOOKMARK [-1][-]{part.52}{\376\377\000L\000I\000I\000\040\000G\000e\000o\000d\000e\000s\000i\000c\000\040\000E\000q\000u\000a\000t\000i\000o\000n\000s\000\040\000f\000o\000r\000\040\000U\000n\000d\000e\000r\000s\000t\000a\000n\000d\000i\000n\000g}{}% 211
\BOOKMARK [0][-]{chapter.99}{\376\377\000G\000e\000o\000d\000e\000s\000i\000c\000s\000\040\000i\000n\000\040\000T\000h\000e\000r\000m\000o\000d\000y\000n\000a\000m\000i\000c\000\040\000M\000a\000n\000i\000f\000o\000l\000d\000s}{part.52}% 212
\BOOKMARK [0][-]{chapter.100}{\376\377\000P\000a\000r\000a\000l\000l\000e\000l\000\040\000T\000r\000a\000n\000s\000p\000o\000r\000t\000\040\000o\000f\000\040\000M\000e\000a\000n\000i\000n\000g}{part.52}% 213
\BOOKMARK [-1][-]{part.53}{\376\377\000L\000I\000I\000I\000\040\000C\000o\000g\000n\000i\000t\000i\000v\000e\000\040\000C\000u\000r\000v\000a\000t\000u\000r\000e\000\040\000a\000n\000d\000\040\000A\000t\000t\000e\000n\000t\000i\000o\000n\000\040\000D\000y\000n\000a\000m\000i\000c\000s}{}% 214
\BOOKMARK [0][-]{chapter.101}{\376\377\000C\000u\000r\000v\000a\000t\000u\000r\000e\000\040\000a\000s\000\040\000C\000o\000g\000n\000i\000t\000i\000v\000e\000\040\000L\000o\000a\000d}{part.53}% 215
\BOOKMARK [0][-]{chapter.102}{\376\377\000F\000o\000c\000u\000s\000i\000n\000g\000\040\000a\000n\000d\000\040\000D\000e\000f\000o\000c\000u\000s\000i\000n\000g\000\040\000G\000e\000o\000d\000e\000s\000i\000c\000s}{part.53}% 216
\BOOKMARK [-1][-]{part.54}{\376\377\000L\000I\000V\000\040\000V\000a\000r\000i\000a\000t\000i\000o\000n\000a\000l\000\040\000L\000e\000a\000r\000n\000i\000n\000g\000\040\000a\000n\000d\000\040\000E\000t\000h\000i\000c\000a\000l\000\040\000O\000p\000t\000i\000m\000i\000z\000a\000t\000i\000o\000n}{}% 217
\BOOKMARK [0][-]{chapter.103}{\376\377\000G\000r\000a\000d\000i\000e\000n\000t\000\040\000F\000l\000o\000w\000s\000\040\000o\000f\000\040\000I\000n\000t\000e\000l\000l\000i\000g\000i\000b\000i\000l\000i\000t\000y}{part.54}% 218
\BOOKMARK [0][-]{chapter.104}{\376\377\000E\000t\000h\000i\000c\000a\000l\000\040\000L\000a\000g\000r\000a\000n\000g\000i\000a\000n\000s}{part.54}% 219
\BOOKMARK [-1][-]{part.55}{\376\377\000L\000V\000\040\000G\000e\000o\000m\000e\000t\000r\000i\000c\000\040\000S\000e\000m\000a\000n\000t\000i\000c\000s\000\040\000a\000n\000d\000\040\000R\000e\000p\000r\000e\000s\000e\000n\000t\000a\000t\000i\000o\000n}{}% 220
\BOOKMARK [0][-]{chapter.105}{\376\377\000S\000e\000m\000a\000n\000t\000i\000c\000\040\000G\000e\000o\000d\000e\000s\000i\000c\000s}{part.55}% 221
\BOOKMARK [0][-]{chapter.106}{\376\377\000I\000n\000f\000o\000r\000m\000a\000t\000i\000o\000n\000\040\000T\000o\000p\000o\000l\000o\000g\000y\000\040\000o\000f\000\040\000C\000o\000m\000p\000r\000e\000h\000e\000n\000s\000i\000o\000n}{part.55}% 222
\BOOKMARK [-1][-]{part.56}{\376\377\000L\000V\000I\000\040\000E\000m\000p\000i\000r\000i\000c\000a\000l\000\040\000H\000o\000r\000i\000z\000o\000n\000s\000\040\000a\000n\000d\000\040\000T\000r\000a\000n\000s\000i\000t\000i\000o\000n\000\040\000t\000o\000\040\000T\000e\000l\000e\000o\000l\000o\000g\000i\000c\000a\000l\000\040\000G\000e\000o\000m\000e\000t\000r\000y}{}% 223
\BOOKMARK [0][-]{chapter.107}{\376\377\000E\000x\000p\000e\000r\000i\000m\000e\000n\000t\000a\000l\000\040\000M\000o\000d\000e\000l\000s}{part.56}% 224
\BOOKMARK [0][-]{chapter.108}{\376\377\000T\000h\000e\000\040\000C\000u\000r\000v\000a\000t\000u\000r\000e\000\040\000o\000f\000\040\000C\000o\000m\000p\000r\000e\000h\000e\000n\000s\000i\000o\000n}{part.56}% 225
\BOOKMARK [0][-]{chapter*.63}{\376\377\000A\000p\000p\000e\000n\000d\000i\000x\000\040\000A\000:\000\040\000G\000e\000o\000d\000e\000s\000i\000c\000\040\000E\000q\000u\000a\000t\000i\000o\000n\000s\000\040\000i\000n\000\040\000C\000o\000o\000r\000d\000i\000n\000a\000t\000e\000-\000F\000r\000e\000e\000\040\000F\000o\000r\000m}{part.56}% 226
\BOOKMARK [0][-]{chapter*.64}{\376\377\000A\000p\000p\000e\000n\000d\000i\000x\000\040\000B\000:\000\040\000N\000u\000m\000e\000r\000i\000c\000a\000l\000\040\000I\000n\000t\000e\000g\000r\000a\000t\000i\000o\000n\000\040\000o\000f\000\040\000R\000S\000V\000P\000\040\000G\000e\000o\000d\000e\000s\000i\000c\000s}{part.56}% 227
\BOOKMARK [0][-]{chapter*.65}{\376\377\000A\000p\000p\000e\000n\000d\000i\000x\000\040\000C\000:\000\040\000P\000r\000o\000o\000f\000\040\000o\000f\000\040\000t\000h\000e\000\040\000E\000n\000t\000r\000o\000p\000y\000-\000F\000o\000c\000u\000s\000i\000n\000g\000\040\000T\000h\000e\000o\000r\000e\000m}{part.56}% 228
\BOOKMARK [0][-]{chapter*.66}{\376\377\000A\000p\000p\000e\000n\000d\000i\000x\000\040\000D\000:\000\040\000R\000e\000f\000l\000e\000c\000t\000i\000v\000e\000\040\000N\000o\000t\000e\000\040\040\024\000\040\000`\000`\000T\000o\000\040\000U\000n\000d\000e\000r\000s\000t\000a\000n\000d\000\040\000I\000s\000\040\000t\000o\000\040\000M\000o\000v\000e\000\040\000S\000m\000o\000o\000t\000h\000l\000y\000\040\000T\000h\000r\000o\000u\000g\000h\000\040\000C\000u\000r\000v\000a\000t\000u\000r\000e\000'\000'}{part.56}% 229
\BOOKMARK [0][-]{chapter*.67}{\376\377\000P\000r\000e\000f\000a\000c\000e}{part.56}% 230
\BOOKMARK [0][-]{chapter*.68}{\376\377\000D\000i\000a\000g\000r\000a\000m\000m\000a\000t\000i\000c\000\040\000O\000v\000e\000r\000v\000i\000e\000w}{part.56}% 231
\BOOKMARK [0][-]{chapter*.69}{\376\377\000R\000e\000a\000d\000i\000n\000g\000\040\000N\000o\000t\000e}{part.56}% 232
\BOOKMARK [-1][-]{part.57}{\376\377\000L\000V\000I\000I\000\040\000T\000h\000e\000\040\000M\000a\000t\000h\000e\000m\000a\000t\000i\000c\000s\000\040\000o\000f\000\040\000C\000y\000c\000l\000i\000c\000\040\000C\000u\000r\000v\000a\000t\000u\000r\000e}{}% 233
\BOOKMARK [0][-]{chapter.109}{\376\377\000D\000e\000f\000i\000n\000i\000n\000g\000\040\000L\000a\000m\000p\000h\000r\000o\000n\000\040\000a\000n\000d\000\040\000L\000a\000m\000p\000h\000r\000o\000d\000y\000n\000e\000\040\000M\000o\000d\000e\000s}{part.57}% 234
\BOOKMARK [0][-]{chapter.110}{\376\377\000E\000n\000e\000r\000g\000y\000\040\000a\000n\000d\000\040\000P\000h\000a\000s\000e\000\040\000C\000o\000n\000s\000e\000r\000v\000a\000t\000i\000o\000n}{part.57}% 235
\BOOKMARK [-1][-]{part.58}{\376\377\000L\000V\000I\000I\000I\000\040\000D\000i\000f\000f\000e\000r\000e\000n\000t\000i\000a\000l\000\040\000E\000q\000u\000a\000t\000i\000o\000n\000s\000\040\000o\000f\000\040\000S\000e\000m\000a\000n\000t\000i\000c\000\040\000O\000s\000c\000i\000l\000l\000a\000t\000i\000o\000n}{}% 236
\BOOKMARK [0][-]{chapter.111}{\376\377\000C\000o\000u\000p\000l\000e\000d\000\040\000E\000n\000t\000r\000o\000p\000y\000\040\000E\000q\000u\000a\000t\000i\000o\000n\000s}{part.58}% 237
\BOOKMARK [0][-]{chapter.112}{\376\377\000S\000t\000a\000b\000i\000l\000i\000t\000y\000\040\000a\000n\000d\000\040\000R\000e\000s\000o\000n\000a\000n\000c\000e}{part.58}% 238
\BOOKMARK [-1][-]{part.59}{\376\377\000L\000I\000X\000\040\000C\000o\000g\000n\000i\000t\000i\000v\000e\000\040\000a\000n\000d\000\040\000N\000e\000u\000r\000a\000l\000\040\000A\000p\000p\000l\000i\000c\000a\000t\000i\000o\000n\000s}{}% 239
\BOOKMARK [0][-]{chapter.113}{\376\377\000R\000h\000y\000t\000h\000m\000i\000c\000\040\000C\000o\000m\000p\000r\000e\000h\000e\000n\000s\000i\000o\000n}{part.59}% 240
\BOOKMARK [0][-]{chapter.114}{\376\377\000A\000t\000t\000e\000n\000t\000i\000o\000n\000\040\000a\000n\000d\000\040\000P\000h\000a\000s\000e\000\040\000L\000o\000c\000k\000i\000n\000g}{part.59}% 241
\BOOKMARK [-1][-]{part.60}{\376\377\000L\000X\000\040\000E\000t\000h\000i\000c\000a\000l\000\040\000a\000n\000d\000\040\000T\000h\000e\000r\000m\000o\000d\000y\000n\000a\000m\000i\000c\000\040\000C\000y\000c\000l\000e\000s}{}% 242
\BOOKMARK [0][-]{chapter.115}{\376\377\000C\000u\000r\000v\000a\000t\000u\000r\000e\000\040\000F\000a\000t\000i\000g\000u\000e\000\040\000a\000n\000d\000\040\000R\000e\000s\000t\000o\000r\000a\000t\000i\000o\000n}{part.60}% 243
\BOOKMARK [0][-]{chapter.116}{\376\377\000T\000h\000e\000\040\000B\000r\000e\000a\000t\000h\000i\000n\000g\000\040\000M\000a\000n\000i\000f\000o\000l\000d}{part.60}% 244
\BOOKMARK [-1][-]{part.61}{\376\377\000L\000X\000I\000\040\000T\000o\000p\000o\000l\000o\000g\000i\000c\000a\000l\000\040\000a\000n\000d\000\040\000C\000a\000t\000e\000g\000o\000r\000i\000c\000a\000l\000\040\000T\000r\000a\000n\000s\000i\000t\000i\000o\000n\000s}{}% 245
\BOOKMARK [0][-]{chapter.117}{\376\377\000C\000y\000c\000l\000i\000c\000\040\000T\000o\000p\000o\000l\000o\000g\000y\000\040\000a\000n\000d\000\040\000E\000n\000t\000r\000o\000p\000y\000\040\000B\000o\000u\000n\000d\000a\000r\000i\000e\000s}{part.61}% 246
\BOOKMARK [0][-]{chapter.118}{\376\377\000F\000u\000n\000c\000t\000o\000r\000i\000a\000l\000\040\000R\000h\000y\000t\000h\000m\000s}{part.61}% 247
\BOOKMARK [-1][-]{part.62}{\376\377\000L\000X\000I\000I\000\040\000E\000m\000p\000i\000r\000i\000c\000a\000l\000\040\000H\000o\000r\000i\000z\000o\000n\000s\000\040\000a\000n\000d\000\040\000C\000o\000n\000c\000l\000u\000s\000i\000o\000n}{}% 248
\BOOKMARK [0][-]{chapter.119}{\376\377\000O\000b\000s\000e\000r\000v\000a\000t\000i\000o\000n\000a\000l\000\040\000S\000i\000g\000n\000a\000t\000u\000r\000e\000s}{part.62}% 249
\BOOKMARK [0][-]{chapter.120}{\376\377\000T\000h\000e\000\040\000F\000i\000n\000a\000l\000\040\000S\000m\000o\000o\000t\000h\000n\000e\000s\000s}{part.62}% 250
\BOOKMARK [0][-]{chapter*.70}{\376\377\000A\000p\000p\000e\000n\000d\000i\000x\000\040\000A\000:\000\040\000D\000e\000r\000i\000v\000a\000t\000i\000o\000n\000\040\000o\000f\000\040\000L\000a\000m\000p\000h\000r\000o\000n\040\023\000L\000a\000m\000p\000h\000r\000o\000d\000y\000n\000e\000\040\000C\000o\000u\000p\000l\000i\000n\000g\000\040\000f\000r\000o\000m\000\040\000R\000S\000V\000P\000\040\000P\000D\000E\000s}{part.62}% 251
\BOOKMARK [0][-]{chapter*.71}{\376\377\000A\000p\000p\000e\000n\000d\000i\000x\000\040\000B\000:\000\040\000N\000u\000m\000e\000r\000i\000c\000a\000l\000\040\000O\000s\000c\000i\000l\000l\000a\000t\000o\000r\000\040\000S\000i\000m\000u\000l\000a\000t\000i\000o\000n}{part.62}% 252
\BOOKMARK [0][-]{chapter*.72}{\376\377\000A\000p\000p\000e\000n\000d\000i\000x\000\040\000C\000:\000\040\000P\000r\000o\000o\000f\000\040\000o\000f\000\040\000E\000n\000e\000r\000g\000y\000\040\000C\000o\000n\000s\000e\000r\000v\000a\000t\000i\000o\000n\000\040\000i\000n\000\040\000C\000y\000c\000l\000i\000c\000\040\000C\000u\000r\000v\000a\000t\000u\000r\000e}{part.62}% 253
\BOOKMARK [0][-]{chapter*.73}{\376\377\000A\000p\000p\000e\000n\000d\000i\000x\000\040\000D\000:\000\040\000R\000e\000f\000l\000e\000c\000t\000i\000v\000e\000\040\000N\000o\000t\000e\000\040\040\024\000\040\000`\000`\000T\000h\000e\000\040\000U\000n\000i\000v\000e\000r\000s\000e\000\040\000B\000r\000e\000a\000t\000h\000e\000s\000\040\000i\000n\000\040\000S\000m\000o\000o\000t\000h\000n\000e\000s\000s\000'\000'}{part.62}% 254
\BOOKMARK [-1][-]{part.63}{\376\377\000L\000X\000I\000I\000I\000\040\000C\000y\000c\000l\000e\000\040\000I\000I\000I\000:\000\040\000C\000a\000t\000e\000g\000o\000r\000i\000c\000a\000l\000\040\000R\000S\000V\000P\000\040\040\024\000\040\000T\000h\000e\000\040\000F\000u\000n\000c\000t\000o\000r\000\040\000o\000f\000\040\000B\000e\000c\000o\000m\000i\000n\000g\000\040\000\050\000B\000o\000o\000k\000s\000\040\0001\0001\040\023\0001\0005\000\051}{}% 255
\BOOKMARK [0][-]{chapter*.74}{\376\377\000P\000r\000e\000f\000a\000c\000e}{part.63}% 256
\BOOKMARK [0][-]{chapter*.75}{\376\377\000D\000i\000a\000g\000r\000a\000m\000m\000a\000t\000i\000c\000\040\000O\000v\000e\000r\000v\000i\000e\000w}{part.63}% 257
\BOOKMARK [0][-]{chapter*.76}{\376\377\000R\000e\000a\000d\000i\000n\000g\000\040\000N\000o\000t\000e}{part.63}% 258
\BOOKMARK [-1][-]{part.64}{\376\377\000L\000X\000I\000V\000\040\000T\000h\000e\000\040\000O\000b\000j\000e\000c\000t\000s\000\040\000a\000n\000d\000\040\000M\000o\000r\000p\000h\000i\000s\000m\000s\000\040\000o\000f\000\040\000R\000S\000V\000P}{}% 259
\BOOKMARK [0][-]{chapter.121}{\376\377\000O\000b\000j\000e\000c\000t\000s\000:\000\040\000T\000h\000e\000r\000m\000o\000d\000y\000n\000a\000m\000i\000c\000\040\000M\000a\000n\000i\000f\000o\000l\000d\000s}{part.64}% 260
\BOOKMARK [0][-]{chapter.122}{\376\377\000M\000o\000r\000p\000h\000i\000s\000m\000s\000:\000\040\000C\000u\000r\000v\000a\000t\000u\000r\000e\000-\000P\000r\000e\000s\000e\000r\000v\000i\000n\000g\000\040\000M\000a\000p\000s}{part.64}% 261
\BOOKMARK [-1][-]{part.65}{\376\377\000L\000X\000V\000\040\000F\000u\000n\000c\000t\000o\000r\000i\000a\000l\000\040\000S\000t\000r\000u\000c\000t\000u\000r\000e\000\040\000o\000f\000\040\000S\000m\000o\000o\000t\000h\000i\000n\000g}{}% 262
\BOOKMARK [0][-]{chapter.123}{\376\377\000T\000h\000e\000\040\000E\000n\000t\000r\000o\000p\000y\000\040\000F\000u\000n\000c\000t\000o\000r}{part.65}% 263
\BOOKMARK [0][-]{chapter.124}{\376\377\000T\000h\000e\000\040\000C\000u\000r\000v\000a\000t\000u\000r\000e\000\040\000F\000u\000n\000c\000t\000o\000r}{part.65}% 264
\BOOKMARK [-1][-]{part.66}{\376\377\000L\000X\000V\000I\000\040\000N\000a\000t\000u\000r\000a\000l\000\040\000T\000r\000a\000n\000s\000f\000o\000r\000m\000a\000t\000i\000o\000n\000s\000\040\000a\000n\000d\000\040\000T\000h\000e\000r\000m\000o\000d\000y\000n\000a\000m\000i\000c\000\040\000C\000o\000n\000s\000i\000s\000t\000e\000n\000c\000y}{}% 265
\BOOKMARK [0][-]{chapter.125}{\376\377\000E\000n\000t\000r\000o\000p\000y\000\040\000a\000s\000\040\000a\000\040\000N\000a\000t\000u\000r\000a\000l\000\040\000T\000r\000a\000n\000s\000f\000o\000r\000m\000a\000t\000i\000o\000n}{part.66}% 266
\BOOKMARK [0][-]{chapter.126}{\376\377\000T\000h\000e\000\040\000C\000o\000m\000m\000u\000t\000a\000t\000i\000v\000i\000t\000y\000\040\000o\000f\000\040\000C\000a\000r\000e}{part.66}% 267
\BOOKMARK [-1][-]{part.67}{\376\377\000L\000X\000V\000I\000I\000\040\000A\000d\000j\000u\000n\000c\000t\000i\000o\000n\000s\000\040\000a\000n\000d\000\040\000T\000e\000l\000e\000o\000l\000o\000g\000i\000c\000a\000l\000\040\000S\000t\000r\000u\000c\000t\000u\000r\000e}{}% 268
\BOOKMARK [0][-]{chapter.127}{\376\377\000A\000d\000j\000o\000i\000n\000t\000\040\000P\000a\000i\000r\000s\000\040\000o\000f\000\040\000P\000r\000o\000c\000e\000s\000s\000e\000s}{part.67}% 269
\BOOKMARK [0][-]{chapter.128}{\376\377\000L\000i\000m\000i\000t\000s\000\040\000a\000n\000d\000\040\000C\000o\000l\000i\000m\000i\000t\000s\000\040\000o\000f\000\040\000M\000e\000a\000n\000i\000n\000g}{part.67}% 270
\BOOKMARK [-1][-]{part.68}{\376\377\000L\000X\000V\000I\000I\000I\000\040\000M\000o\000n\000o\000i\000d\000a\000l\000\040\000a\000n\000d\000\040\000H\000i\000g\000h\000e\000r\000\040\000S\000t\000r\000u\000c\000t\000u\000r\000e\000s}{}% 271
\BOOKMARK [0][-]{chapter.129}{\376\377\000M\000o\000n\000o\000i\000d\000a\000l\000\040\000C\000o\000m\000p\000o\000s\000i\000t\000i\000o\000n\000\040\000o\000f\000\040\000F\000i\000e\000l\000d\000s}{part.68}% 272
\BOOKMARK [0][-]{chapter.130}{\376\377\000T\000o\000w\000a\000r\000d\000\040\000H\000i\000g\000h\000e\000r\000\040\000M\000o\000r\000p\000h\000i\000s\000m\000s}{part.68}% 273
\BOOKMARK [-1][-]{part.69}{\376\377\000L\000X\000I\000X\000\040\000E\000m\000p\000i\000r\000i\000c\000a\000l\000\040\000a\000n\000d\000\040\000E\000t\000h\000i\000c\000a\000l\000\040\000H\000o\000r\000i\000z\000o\000n\000s}{}% 274
\BOOKMARK [0][-]{chapter.131}{\376\377\000F\000u\000n\000c\000t\000o\000r\000i\000a\000l\000\040\000I\000n\000f\000e\000r\000e\000n\000c\000e}{part.69}% 275
\BOOKMARK [0][-]{chapter.132}{\376\377\000E\000t\000h\000i\000c\000s\000\040\000o\000f\000\040\000C\000o\000m\000p\000o\000s\000i\000t\000i\000o\000n}{part.69}% 276
\BOOKMARK [0][-]{chapter*.77}{\376\377\000A\000p\000p\000e\000n\000d\000i\000x\000\040\000A\000:\000\040\000F\000o\000r\000m\000a\000l\000\040\000D\000e\000f\000i\000n\000i\000t\000i\000o\000n\000\040\000o\000f\000\040\000R\000S\000V\000P\000F\000i\000e\000l\000d\000\040\000a\000n\000d\000\040\000P\000r\000o\000o\000f\000\040\000o\000f\000\040\000F\000u\000n\000c\000t\000o\000r\000i\000a\000l\000\040\000C\000o\000h\000e\000r\000e\000n\000c\000e}{part.69}% 277
\BOOKMARK [0][-]{chapter*.78}{\376\377\000A\000p\000p\000e\000n\000d\000i\000x\000\040\000B\000:\000\040\000C\000a\000t\000e\000g\000o\000r\000i\000c\000a\000l\000\040\000D\000i\000a\000g\000r\000a\000m\000\040\000L\000i\000b\000r\000a\000r\000y}{part.69}% 278
\BOOKMARK [0][-]{chapter*.79}{\376\377\000A\000p\000p\000e\000n\000d\000i\000x\000\040\000C\000:\000\040\000C\000o\000m\000p\000a\000r\000i\000s\000o\000n\000\040\000w\000i\000t\000h\000\040\000L\000a\000w\000v\000e\000r\000e\000'\000s\000\040\000S\000t\000a\000t\000e\000-\000S\000p\000a\000c\000e\000\040\000C\000a\000t\000e\000g\000o\000r\000i\000e\000s}{part.69}% 279
\BOOKMARK [0][-]{chapter*.80}{\376\377\000A\000p\000p\000e\000n\000d\000i\000x\000\040\000D\000:\000\040\000R\000e\000f\000l\000e\000c\000t\000i\000v\000e\000\040\000N\000o\000t\000e\000\040\040\024\000\040\000`\000`\000T\000o\000\040\000C\000o\000m\000p\000o\000s\000e\000\040\000i\000s\000\040\000t\000o\000\040\000P\000r\000e\000s\000e\000r\000v\000e\000\040\000C\000u\000r\000v\000a\000t\000u\000r\000e\000'\000'}{part.69}% 280
\BOOKMARK [0][-]{chapter*.81}{\376\377\000P\000r\000e\000f\000a\000c\000e}{part.69}% 281
\BOOKMARK [0][-]{chapter*.82}{\376\377\000D\000i\000a\000g\000r\000a\000m\000m\000a\000t\000i\000c\000\040\000O\000v\000e\000r\000v\000i\000e\000w}{part.69}% 282
\BOOKMARK [0][-]{chapter*.83}{\376\377\000R\000e\000a\000d\000i\000n\000g\000\040\000N\000o\000t\000e}{part.69}% 283
\BOOKMARK [-1][-]{part.70}{\376\377\000L\000X\000X\000\040\000F\000o\000u\000n\000d\000a\000t\000i\000o\000n\000s\000\040\000o\000f\000\040\000F\000u\000n\000c\000t\000o\000r\000i\000a\000l\000\040\000T\000h\000e\000r\000m\000o\000d\000y\000n\000a\000m\000i\000c\000s}{}% 284
\BOOKMARK [0][-]{chapter.133}{\376\377\000T\000h\000e\000\040\000S\000c\000a\000l\000a\000r\000\040\000a\000n\000d\000\040\000V\000e\000c\000t\000o\000r\000\040\000F\000u\000n\000c\000t\000o\000r\000s}{part.70}% 285
\BOOKMARK [0][-]{chapter.134}{\376\377\000D\000e\000f\000i\000n\000i\000n\000g\000\040\000E\000n\000t\000r\000o\000p\000y\000\040\000a\000s\000\040\000N\000a\000t\000u\000r\000a\000l\000\040\000T\000r\000a\000n\000s\000f\000o\000r\000m\000a\000t\000i\000o\000n}{part.70}% 286
\BOOKMARK [-1][-]{part.71}{\376\377\000L\000X\000X\000I\000\040\000C\000o\000m\000m\000u\000t\000a\000t\000i\000v\000e\000\040\000D\000i\000a\000g\000r\000a\000m\000s\000\040\000a\000n\000d\000\040\000I\000r\000r\000e\000v\000e\000r\000s\000i\000b\000i\000l\000i\000t\000y}{}% 287
\BOOKMARK [0][-]{chapter.135}{\376\377\000T\000h\000e\000\040\000C\000o\000m\000m\000u\000t\000a\000t\000i\000v\000i\000t\000y\000\040\000o\000f\000\040\000W\000o\000r\000k}{part.71}% 288
\BOOKMARK [0][-]{chapter.136}{\376\377\000C\000a\000t\000e\000g\000o\000r\000i\000c\000a\000l\000\040\000A\000r\000r\000o\000w\000\040\000o\000f\000\040\000T\000i\000m\000e}{part.71}% 289
\BOOKMARK [-1][-]{part.72}{\376\377\000L\000X\000X\000I\000I\000\040\000F\000u\000n\000c\000t\000o\000r\000i\000a\000l\000\040\000D\000e\000r\000i\000v\000a\000t\000i\000o\000n\000s\000\040\000a\000n\000d\000\040\000D\000i\000f\000f\000e\000r\000e\000n\000t\000i\000a\000l\000s}{}% 290
\BOOKMARK [0][-]{chapter.137}{\376\377\000D\000i\000f\000f\000e\000r\000e\000n\000t\000i\000a\000t\000i\000n\000g\000\040\000N\000a\000t\000u\000r\000a\000l\000\040\000T\000r\000a\000n\000s\000f\000o\000r\000m\000a\000t\000i\000o\000n\000s}{part.72}% 291
\BOOKMARK [0][-]{chapter.138}{\376\377\000C\000h\000a\000i\000n\000\040\000R\000u\000l\000e\000\040\000a\000n\000d\000\040\000C\000o\000m\000p\000o\000s\000i\000t\000i\000o\000n\000a\000l\000\040\000T\000h\000e\000r\000m\000o\000d\000y\000n\000a\000m\000i\000c\000s}{part.72}% 292
\BOOKMARK [-1][-]{part.73}{\376\377\000L\000X\000X\000I\000I\000I\000\040\000A\000d\000j\000u\000n\000c\000t\000i\000o\000n\000s\000\040\000a\000n\000d\000\040\000D\000u\000a\000l\000\040\000T\000r\000a\000n\000s\000f\000o\000r\000m\000a\000t\000i\000o\000n\000s}{}% 293
\BOOKMARK [0][-]{chapter.139}{\376\377\000E\000n\000t\000r\000o\000p\000y\000\040\000a\000n\000d\000\040\000N\000e\000g\000e\000n\000t\000r\000o\000p\000y\000\040\000a\000s\000\040\000A\000d\000j\000o\000i\000n\000t\000s}{part.73}% 294
\BOOKMARK [0][-]{chapter.140}{\376\377\000F\000u\000n\000c\000t\000o\000r\000i\000a\000l\000\040\000E\000n\000e\000r\000g\000y\000\040\000B\000a\000l\000a\000n\000c\000e}{part.73}% 295
\BOOKMARK [-1][-]{part.74}{\376\377\000L\000X\000X\000I\000V\000\040\000H\000i\000g\000h\000e\000r\000\040\000S\000t\000r\000u\000c\000t\000u\000r\000e\000s\000\040\000a\000n\000d\000\040\000C\000o\000h\000o\000m\000o\000l\000o\000g\000i\000c\000a\000l\000\040\000M\000e\000a\000n\000i\000n\000g}{}% 296
\BOOKMARK [0][-]{chapter.141}{\376\377\0002\000-\000M\000o\000r\000p\000h\000i\000s\000m\000s\000\040\000a\000n\000d\000\040\000E\000n\000t\000r\000o\000p\000y\000\040\000o\000f\000\040\000E\000n\000t\000r\000o\000p\000y}{part.74}% 297
\BOOKMARK [0][-]{chapter.142}{\376\377\000E\000n\000t\000r\000o\000p\000y\000\040\000C\000o\000h\000o\000m\000o\000l\000o\000g\000y}{part.74}% 298
\BOOKMARK [-1][-]{part.75}{\376\377\000L\000X\000X\000V\000\040\000E\000m\000p\000i\000r\000i\000c\000a\000l\000\040\000a\000n\000d\000\040\000E\000t\000h\000i\000c\000a\000l\000\040\000H\000o\000r\000i\000z\000o\000n\000s}{}% 299
\BOOKMARK [0][-]{chapter.143}{\376\377\000F\000u\000n\000c\000t\000o\000r\000i\000a\000l\000\040\000I\000n\000f\000e\000r\000e\000n\000c\000e\000\040\000a\000n\000d\000\040\000D\000a\000t\000a\000\040\000F\000u\000s\000i\000o\000n}{part.75}% 300
\BOOKMARK [0][-]{chapter.144}{\376\377\000T\000h\000e\000\040\000E\000t\000h\000i\000c\000s\000\040\000o\000f\000\040\000N\000a\000t\000u\000r\000a\000l\000i\000t\000y}{part.75}% 301
\BOOKMARK [0][-]{chapter*.84}{\376\377\000A\000p\000p\000e\000n\000d\000i\000x\000\040\000A\000:\000\040\000F\000o\000r\000m\000a\000l\000\040\000P\000r\000o\000o\000f\000\040\000t\000h\000a\000t\000\040\000S\000:\000\040\000b\000o\000l\000d\0000\000m\000u\000\040\000m\000u\000m\000u\000\040\000v\000v\0002\0000\0000\0005\000/\0000\0006\000/\0002\0008\000\040\000v\000e\000r\000:\000\040\0001\000.\0003\000\040\000s\000u\000b\000f\000i\000g\000\040\000p\000a\000c\000k\000a\000g\000e\000v\000v\000v\000v\000\040\000S\000a\000t\000i\000s\000f\000i\000e\000s\000\040\000N\000a\000t\000u\000r\000a\000l\000i\000t\000y}{part.75}% 302
\BOOKMARK [0][-]{chapter*.85}{\376\377\000A\000p\000p\000e\000n\000d\000i\000x\000\040\000B\000:\000\040\000T\000i\000k\000Z\000\040\000D\000i\000a\000g\000r\000a\000m\000\040\000T\000e\000m\000p\000l\000a\000t\000e\000s\000\040\000f\000o\000r\000\040\000E\000n\000t\000r\000o\000p\000y\000\040\000C\000o\000m\000m\000u\000t\000a\000t\000i\000v\000i\000t\000y\000\040\000S\000q\000u\000a\000r\000e\000s}{part.75}% 303
\BOOKMARK [0][-]{chapter*.86}{\376\377\000A\000p\000p\000e\000n\000d\000i\000x\000\040\000C\000:\000\040\000C\000o\000m\000p\000a\000r\000a\000t\000i\000v\000e\000\040\000N\000o\000t\000e\000s\000\040\000o\000n\000\040\000C\000a\000t\000e\000g\000o\000r\000i\000c\000a\000l\000\040\000T\000h\000e\000r\000m\000o\000d\000y\000n\000a\000m\000i\000c\000s}{part.75}% 304
\BOOKMARK [0][-]{chapter*.87}{\376\377\000A\000p\000p\000e\000n\000d\000i\000x\000\040\000D\000:\000\040\000R\000e\000f\000l\000e\000c\000t\000i\000v\000e\000\040\000N\000o\000t\000e\000\040\040\024\000\040\000`\000`\000E\000n\000t\000r\000o\000p\000y\000\040\000i\000s\000\040\000t\000h\000e\000\040\000M\000e\000m\000o\000r\000y\000\040\000o\000f\000\040\000N\000a\000t\000u\000r\000a\000l\000i\000t\000y\000'\000'}{part.75}% 305
\BOOKMARK [0][-]{chapter*.88}{\376\377\000P\000r\000e\000f\000a\000c\000e}{part.75}% 306
\BOOKMARK [0][-]{chapter*.89}{\376\377\000D\000i\000a\000g\000r\000a\000m\000m\000a\000t\000i\000c\000\040\000O\000v\000e\000r\000v\000i\000e\000w}{part.75}% 307
\BOOKMARK [0][-]{chapter*.90}{\376\377\000R\000e\000a\000d\000i\000n\000g\000\040\000N\000o\000t\000e}{part.75}% 308
\BOOKMARK [-1][-]{part.76}{\376\377\000L\000X\000X\000V\000I\000\040\000F\000o\000u\000n\000d\000a\000t\000i\000o\000n\000s\000\040\000o\000f\000\040\000A\000d\000j\000o\000i\000n\000t\000\040\000T\000e\000l\000e\000o\000d\000y\000n\000a\000m\000i\000c\000s}{}% 309
\BOOKMARK [0][-]{chapter.145}{\376\377\000T\000h\000e\000\040\000P\000r\000e\000d\000i\000c\000t\000i\000v\000e\000\040\000a\000n\000d\000\040\000A\000c\000t\000i\000v\000e\000\040\000F\000u\000n\000c\000t\000o\000r\000s}{part.76}% 310
\BOOKMARK [0][-]{chapter.146}{\376\377\000T\000h\000e\000\040\000T\000e\000l\000e\000o\000l\000o\000g\000i\000c\000a\000l\000\040\000A\000d\000j\000u\000n\000c\000t\000i\000o\000n}{part.76}% 311
\BOOKMARK [-1][-]{part.77}{\376\377\000L\000X\000X\000V\000I\000I\000\040\000D\000i\000a\000g\000r\000a\000m\000m\000a\000t\000i\000c\000\040\000S\000e\000m\000a\000n\000t\000i\000c\000s\000\040\000o\000f\000\040\000P\000u\000r\000p\000o\000s\000e}{}% 312
\BOOKMARK [0][-]{chapter.147}{\376\377\000T\000h\000e\000\040\000C\000o\000m\000m\000u\000t\000i\000n\000g\000\040\000T\000r\000i\000a\000n\000g\000l\000e\000\040\000o\000f\000\040\000C\000a\000r\000e}{part.77}% 313
\BOOKMARK [0][-]{chapter.148}{\376\377\000T\000h\000e\000\040\000F\000i\000x\000e\000d\000\040\000P\000o\000i\000n\000t\000s\000\040\000o\000f\000\040\000I\000n\000t\000e\000n\000t\000i\000o\000n}{part.77}% 314
\BOOKMARK [-1][-]{part.78}{\376\377\000L\000X\000X\000V\000I\000I\000I\000\040\000R\000e\000t\000r\000o\000c\000a\000u\000s\000a\000l\000i\000t\000y\000\040\000a\000n\000d\000\040\000R\000e\000f\000l\000e\000x\000i\000v\000e\000\040\000F\000l\000o\000w}{}% 315
\BOOKMARK [0][-]{chapter.149}{\376\377\000T\000h\000e\000\040\000B\000a\000c\000k\000w\000a\000r\000d\000\040\000F\000u\000n\000c\000t\000o\000r\000\040\000a\000n\000d\000\040\000C\000a\000u\000s\000a\000l\000\040\000R\000e\000f\000l\000e\000c\000t\000i\000o\000n}{part.78}% 316
\BOOKMARK [0][-]{chapter.150}{\376\377\000T\000h\000e\000\040\000L\000a\000w\000\040\000o\000f\000\040\000R\000e\000f\000l\000e\000x\000i\000v\000e\000\040\000T\000i\000m\000e}{part.78}% 317
\BOOKMARK [-1][-]{part.79}{\376\377\000L\000X\000X\000I\000X\000\040\000V\000a\000r\000i\000a\000t\000i\000o\000n\000a\000l\000\040\000a\000n\000d\000\040\000E\000t\000h\000i\000c\000a\000l\000\040\000E\000x\000t\000e\000n\000s\000i\000o\000n\000s}{}% 318
\BOOKMARK [0][-]{chapter.151}{\376\377\000V\000a\000r\000i\000a\000t\000i\000o\000n\000a\000l\000\040\000T\000e\000l\000e\000o\000l\000o\000g\000y}{part.79}% 319
\BOOKMARK [0][-]{chapter.152}{\376\377\000E\000t\000h\000i\000c\000a\000l\000\040\000A\000d\000j\000u\000n\000c\000t\000i\000o\000n}{part.79}% 320
\BOOKMARK [-1][-]{part.80}{\376\377\000L\000X\000X\000X\000\040\000A\000p\000p\000l\000i\000c\000a\000t\000i\000o\000n\000s\000\040\000a\000n\000d\000\040\000H\000i\000g\000h\000e\000r\000\040\000T\000e\000l\000e\000o\000d\000y\000n\000a\000m\000i\000c\000s}{}% 321
\BOOKMARK [0][-]{chapter.153}{\376\377\000A\000d\000j\000u\000n\000c\000t\000i\000o\000n\000\040\000i\000n\000\040\000C\000o\000g\000n\000i\000t\000i\000v\000e\000\040\000A\000r\000c\000h\000i\000t\000e\000c\000t\000u\000r\000e\000s}{part.80}% 322
\BOOKMARK [0][-]{chapter.154}{\376\377\000F\000u\000n\000c\000t\000o\000r\000i\000a\000l\000\040\000A\000g\000e\000n\000c\000y}{part.80}% 323
\BOOKMARK [-1][-]{part.81}{\376\377\000L\000X\000X\000X\000I\000\040\000G\000l\000o\000b\000a\000l\000\040\000I\000m\000p\000l\000i\000c\000a\000t\000i\000o\000n\000s\000\040\000a\000n\000d\000\040\000F\000u\000t\000u\000r\000e\000\040\000W\000o\000r\000k}{}% 324
\BOOKMARK [0][-]{chapter.155}{\376\377\000T\000e\000l\000e\000o\000l\000o\000g\000i\000c\000a\000l\000\040\000C\000o\000s\000m\000o\000l\000o\000g\000y}{part.81}% 325
\BOOKMARK [0][-]{chapter.156}{\376\377\000T\000h\000e\000\040\000E\000t\000h\000i\000c\000s\000\040\000o\000f\000\040\000A\000n\000t\000i\000c\000i\000p\000a\000t\000i\000o\000n}{part.81}% 326
\BOOKMARK [0][-]{chapter*.91}{\376\377\000A\000p\000p\000e\000n\000d\000i\000x\000\040\000A\000:\000\040\000P\000r\000o\000o\000f\000\040\000o\000f\000\040\000T\000e\000l\000e\000o\000l\000o\000g\000i\000c\000a\000l\000\040\000A\000d\000j\000u\000n\000c\000t\000i\000o\000n\000\040\000a\000n\000d\000\040\000T\000r\000i\000a\000n\000g\000l\000e\000\040\000I\000d\000e\000n\000t\000i\000t\000i\000e\000s}{part.81}% 327
\BOOKMARK [0][-]{chapter*.92}{\376\377\000A\000p\000p\000e\000n\000d\000i\000x\000\040\000B\000:\000\040\000D\000i\000a\000g\000r\000a\000m\000s\000\040\000o\000f\000\040\000R\000e\000t\000r\000o\000c\000a\000u\000s\000a\000l\000\040\000C\000o\000m\000p\000o\000s\000i\000t\000i\000o\000n}{part.81}% 328
\BOOKMARK [0][-]{chapter*.93}{\376\377\000A\000p\000p\000e\000n\000d\000i\000x\000\040\000C\000:\000\040\000C\000o\000m\000p\000a\000r\000a\000t\000i\000v\000e\000\040\000N\000o\000t\000e\000s\000\040\000o\000n\000\040\000C\000a\000t\000e\000g\000o\000r\000i\000c\000a\000l\000\040\000C\000o\000g\000n\000i\000t\000i\000o\000n\000\040\000a\000n\000d\000\040\000B\000a\000y\000e\000s\000i\000a\000n\000\040\000A\000d\000j\000u\000n\000c\000t\000i\000o\000n\000s}{part.81}% 329
\BOOKMARK [0][-]{chapter*.94}{\376\377\000A\000p\000p\000e\000n\000d\000i\000x\000\040\000D\000:\000\040\000R\000e\000f\000l\000e\000c\000t\000i\000v\000e\000\040\000N\000o\000t\000e\000\040\040\024\000\040\000`\000`\000P\000u\000r\000p\000o\000s\000e\000\040\000i\000s\000\040\000t\000h\000e\000\040\000A\000d\000j\000o\000i\000n\000t\000\040\000o\000f\000\040\000T\000i\000m\000e\000'\000'}{part.81}% 330
\BOOKMARK [0][-]{chapter*.95}{\376\377\000P\000r\000e\000f\000a\000c\000e}{part.81}% 331
\BOOKMARK [0][-]{chapter*.96}{\376\377\000D\000i\000a\000g\000r\000a\000m\000m\000a\000t\000i\000c\000\040\000O\000v\000e\000r\000v\000i\000e\000w}{part.81}% 332
\BOOKMARK [0][-]{chapter*.97}{\376\377\000R\000e\000a\000d\000i\000n\000g\000\040\000N\000o\000t\000e}{part.81}% 333
\BOOKMARK [-1][-]{part.82}{\376\377\000L\000X\000X\000X\000I\000I\000\040\000F\000o\000u\000n\000d\000a\000t\000i\000o\000n\000s\000\040\000o\000f\000\040\000S\000e\000m\000a\000n\000t\000i\000c\000\040\000D\000i\000a\000g\000r\000a\000m\000s}{}% 334
\BOOKMARK [0][-]{chapter.157}{\376\377\000M\000e\000a\000n\000i\000n\000g\000\040\000a\000s\000\040\000D\000i\000a\000g\000r\000a\000m}{part.82}% 335
\BOOKMARK [0][-]{chapter.158}{\376\377\000C\000o\000n\000e\000s\000\040\000a\000n\000d\000\040\000U\000n\000i\000v\000e\000r\000s\000a\000l\000i\000t\000y}{part.82}% 336
\BOOKMARK [-1][-]{part.83}{\376\377\000L\000X\000X\000X\000I\000I\000I\000\040\000C\000o\000l\000i\000m\000i\000t\000s\000\040\000a\000n\000d\000\040\000I\000n\000t\000e\000g\000r\000a\000t\000i\000o\000n\000\040\000o\000f\000\040\000C\000a\000r\000e}{}% 337
\BOOKMARK [0][-]{chapter.159}{\376\377\000C\000o\000c\000o\000n\000e\000s\000\040\000a\000n\000d\000\040\000C\000r\000e\000a\000t\000i\000v\000e\000\040\000S\000y\000n\000t\000h\000e\000s\000i\000s}{part.83}% 338
\BOOKMARK [0][-]{chapter.160}{\376\377\000F\000a\000i\000l\000u\000r\000e\000\040\000o\000f\000\040\000G\000l\000u\000i\000n\000g}{part.83}% 339
\BOOKMARK [-1][-]{part.84}{\376\377\000L\000X\000X\000X\000I\000V\000\040\000T\000o\000p\000o\000l\000o\000g\000i\000c\000a\000l\000\040\000a\000n\000d\000\040\000S\000h\000e\000a\000f\000-\000L\000i\000k\000e\000\040\000I\000n\000t\000e\000r\000p\000r\000e\000t\000a\000t\000i\000o\000n\000s}{}% 340
\BOOKMARK [0][-]{chapter.161}{\376\377\000L\000o\000c\000a\000l\000\040\000C\000h\000a\000r\000t\000s\000\040\000o\000f\000\040\000M\000e\000a\000n\000i\000n\000g}{part.84}% 341
\BOOKMARK [0][-]{chapter.162}{\376\377\000D\000e\000r\000i\000v\000e\000d\000\040\000L\000i\000m\000i\000t\000s\000\040\000a\000n\000d\000\040\000O\000b\000s\000t\000r\000u\000c\000t\000i\000o\000n\000s}{part.84}% 342
\BOOKMARK [-1][-]{part.85}{\376\377\000L\000X\000X\000X\000V\000\040\000C\000o\000g\000n\000i\000t\000i\000v\000e\000\040\000a\000n\000d\000\040\000E\000t\000h\000i\000c\000a\000l\000\040\000A\000p\000p\000l\000i\000c\000a\000t\000i\000o\000n\000s}{}% 343
\BOOKMARK [0][-]{chapter.163}{\376\377\000C\000o\000n\000s\000e\000n\000s\000u\000s\000\040\000a\000s\000\040\000L\000i\000m\000i\000t}{part.85}% 344
\BOOKMARK [0][-]{chapter.164}{\376\377\000I\000n\000t\000e\000g\000r\000a\000t\000i\000o\000n\000\040\000a\000s\000\040\000C\000o\000l\000i\000m\000i\000t}{part.85}% 345
\BOOKMARK [-1][-]{part.86}{\376\377\000L\000X\000X\000X\000V\000I\000\040\000T\000e\000m\000p\000o\000r\000a\000l\000\040\000a\000n\000d\000\040\000D\000y\000n\000a\000m\000i\000c\000\040\000E\000x\000t\000e\000n\000s\000i\000o\000n\000s}{}% 346
\BOOKMARK [0][-]{chapter.165}{\376\377\000E\000v\000o\000l\000v\000i\000n\000g\000\040\000L\000i\000m\000i\000t\000s}{part.86}% 347
\BOOKMARK [0][-]{chapter.166}{\376\377\000E\000n\000t\000r\000o\000p\000y\000\040\000o\000f\000\040\000S\000y\000n\000t\000h\000e\000s\000i\000s}{part.86}% 348
\BOOKMARK [-1][-]{part.87}{\376\377\000L\000X\000X\000X\000V\000I\000I\000\040\000G\000l\000o\000b\000a\000l\000\040\000a\000n\000d\000\040\000C\000o\000s\000m\000o\000l\000o\000g\000i\000c\000a\000l\000\040\000C\000l\000o\000s\000u\000r\000e}{}% 349
\BOOKMARK [0][-]{chapter.167}{\376\377\000C\000o\000s\000m\000i\000c\000\040\000L\000i\000m\000i\000t\000\040\000o\000f\000\040\000M\000e\000a\000n\000i\000n\000g}{part.87}% 350
\BOOKMARK [0][-]{chapter.168}{\376\377\000E\000t\000h\000i\000c\000s\000\040\000o\000f\000\040\000C\000l\000o\000s\000u\000r\000e}{part.87}% 351
\BOOKMARK [0][-]{chapter*.98}{\376\377\000A\000p\000p\000e\000n\000d\000i\000x\000\040\000A\000:\000\040\000P\000r\000o\000o\000f\000s\000\040\000o\000f\000\040\000L\000i\000m\000i\000t\000/\000C\000o\000l\000i\000m\000i\000t\000\040\000E\000x\000i\000s\000t\000e\000n\000c\000e\000\040\000T\000h\000e\000o\000r\000e\000m\000s\000\040\000i\000n\000\040\000R\000S\000V\000P\000F\000i\000e\000l\000d}{part.87}% 352
\BOOKMARK [0][-]{chapter*.99}{\376\377\000A\000p\000p\000e\000n\000d\000i\000x\000\040\000B\000:\000\040\000E\000x\000a\000m\000p\000l\000e\000s\000\040\000o\000f\000\040\000P\000a\000r\000t\000i\000a\000l\000\040\000a\000n\000d\000\040\000T\000o\000t\000a\000l\000\040\000G\000l\000u\000i\000n\000g\000\040\000i\000n\000\040\000R\000e\000a\000l\000\040\000D\000a\000t\000a\000s\000e\000t\000s}{part.87}% 353
\BOOKMARK [0][-]{chapter*.100}{\376\377\000A\000p\000p\000e\000n\000d\000i\000x\000\040\000C\000:\000\040\000C\000o\000r\000r\000e\000s\000p\000o\000n\000d\000e\000n\000c\000e\000\040\000B\000e\000t\000w\000e\000e\000n\000\040\000C\000a\000t\000e\000g\000o\000r\000i\000c\000a\000l\000\040\000a\000n\000d\000\040\000S\000h\000e\000a\000f\000-\000T\000h\000e\000o\000r\000e\000t\000i\000c\000\040\000C\000l\000o\000s\000u\000r\000e}{part.87}% 354
\BOOKMARK [0][-]{chapter*.101}{\376\377\000A\000p\000p\000e\000n\000d\000i\000x\000\040\000D\000:\000\040\000R\000e\000f\000l\000e\000c\000t\000i\000v\000e\000\040\000N\000o\000t\000e\000\040\040\024\000\040\000`\000`\000T\000o\000\040\000K\000n\000o\000w\000\040\000T\000o\000g\000e\000t\000h\000e\000r\000\040\000I\000s\000\040\000t\000o\000\040\000F\000o\000r\000m\000\040\000a\000\040\000L\000i\000m\000i\000t\000'\000'}{part.87}% 355
\BOOKMARK [0][-]{chapter*.102}{\376\377\000P\000r\000e\000f\000a\000c\000e}{part.87}% 356
\BOOKMARK [0][-]{chapter*.103}{\376\377\000D\000i\000a\000g\000r\000a\000m\000m\000a\000t\000i\000c\000\040\000O\000v\000e\000r\000v\000i\000e\000w}{part.87}% 357
\BOOKMARK [0][-]{chapter*.104}{\376\377\000R\000e\000a\000d\000i\000n\000g\000\040\000N\000o\000t\000e}{part.87}% 358
\BOOKMARK [-1][-]{part.88}{\376\377\000L\000X\000X\000X\000V\000I\000I\000I\000\040\000F\000o\000u\000n\000d\000a\000t\000i\000o\000n\000s\000\040\000o\000f\000\040\000M\000o\000n\000o\000i\000d\000a\000l\000\040\000C\000o\000m\000p\000o\000s\000i\000t\000i\000o\000n}{}% 359
\BOOKMARK [0][-]{chapter.169}{\376\377\000T\000h\000e\000\040\000T\000e\000n\000s\000o\000r\000\040\000P\000r\000o\000d\000u\000c\000t\000\040\000o\000f\000\040\000F\000i\000e\000l\000d\000s}{part.88}% 360
\BOOKMARK [0][-]{chapter.170}{\376\377\000T\000h\000e\000\040\000U\000n\000i\000t\000\040\000a\000n\000d\000\040\000D\000u\000a\000l\000\040\000O\000b\000j\000e\000c\000t\000s}{part.88}% 361
\BOOKMARK [-1][-]{part.89}{\376\377\000L\000X\000X\000X\000I\000X\000\040\000A\000s\000s\000o\000c\000i\000a\000t\000o\000r\000s\000,\000\040\000C\000o\000h\000e\000r\000e\000n\000c\000e\000,\000\040\000a\000n\000d\000\040\000C\000a\000r\000e}{}% 362
\BOOKMARK [0][-]{chapter.171}{\376\377\000T\000h\000e\000\040\000A\000s\000s\000o\000c\000i\000a\000t\000o\000r\000\040\000a\000s\000\040\000E\000t\000h\000i\000c\000a\000l\000\040\000L\000a\000w}{part.89}% 363
\BOOKMARK [0][-]{chapter.172}{\376\377\000S\000y\000m\000m\000e\000t\000r\000y\000\040\000a\000n\000d\000\040\000R\000e\000c\000i\000p\000r\000o\000c\000i\000t\000y}{part.89}% 364
\BOOKMARK [-1][-]{part.90}{\376\377\000X\000C\000\040\000T\000e\000n\000s\000o\000r\000\040\000S\000e\000m\000a\000n\000t\000i\000c\000s\000\040\000o\000f\000\040\000I\000n\000t\000e\000l\000l\000i\000g\000e\000n\000c\000e}{}% 365
\BOOKMARK [0][-]{chapter.173}{\376\377\000C\000o\000m\000p\000o\000s\000i\000t\000i\000o\000n\000a\000l\000\040\000C\000o\000g\000n\000i\000t\000i\000o\000n}{part.90}% 366
\BOOKMARK [0][-]{chapter.174}{\376\377\000T\000e\000n\000s\000o\000r\000\040\000E\000n\000t\000r\000o\000p\000y\000\040\000a\000n\000d\000\040\000M\000u\000t\000u\000a\000l\000\040\000I\000n\000f\000o\000r\000m\000a\000t\000i\000o\000n}{part.90}% 367
\BOOKMARK [-1][-]{part.91}{\376\377\000X\000C\000I\000\040\000G\000o\000v\000e\000r\000n\000a\000n\000c\000e\000,\000\040\000E\000c\000o\000l\000o\000g\000y\000,\000\040\000a\000n\000d\000\040\000A\000l\000i\000g\000n\000m\000e\000n\000t}{}% 368
\BOOKMARK [0][-]{chapter.175}{\376\377\000F\000u\000t\000a\000r\000c\000h\000i\000c\000\040\000T\000e\000n\000s\000o\000r\000\040\000N\000e\000t\000w\000o\000r\000k\000s}{part.91}% 369
\BOOKMARK [0][-]{chapter.176}{\376\377\000E\000c\000o\000l\000o\000g\000i\000c\000a\000l\000\040\000M\000o\000n\000o\000i\000d\000a\000l\000\040\000S\000y\000s\000t\000e\000m\000s}{part.91}% 370
\BOOKMARK [-1][-]{part.92}{\376\377\000X\000C\000I\000I\000\040\000H\000i\000g\000h\000e\000r\000-\000O\000r\000d\000e\000r\000\040\000a\000n\000d\000\040\000D\000e\000r\000i\000v\000e\000d\000\040\000S\000t\000r\000u\000c\000t\000u\000r\000e\000s}{}% 371
\BOOKMARK [0][-]{chapter.177}{\376\377\0002\000-\000M\000o\000n\000o\000i\000d\000a\000l\000\040\000C\000a\000t\000e\000g\000o\000r\000i\000e\000s\000\040\000a\000n\000d\000\040\000H\000i\000g\000h\000e\000r\000\040\000I\000n\000t\000e\000l\000l\000i\000g\000e\000n\000c\000e}{part.92}% 372
\BOOKMARK [0][-]{chapter.178}{\376\377\000T\000h\000e\000\040\000T\000e\000n\000s\000o\000r\000\040\000o\000f\000\040\000T\000e\000l\000e\000o\000l\000o\000g\000y}{part.92}% 373
\BOOKMARK [-1][-]{part.93}{\376\377\000X\000C\000I\000I\000I\000\040\000E\000m\000p\000i\000r\000i\000c\000a\000l\000\040\000a\000n\000d\000\040\000E\000t\000h\000i\000c\000a\000l\000\040\000H\000o\000r\000i\000z\000o\000n\000s}{}% 374
\BOOKMARK [0][-]{chapter.179}{\376\377\000E\000m\000p\000i\000r\000i\000c\000a\000l\000\040\000I\000m\000p\000l\000e\000m\000e\000n\000t\000a\000t\000i\000o\000n}{part.93}% 375
\BOOKMARK [0][-]{chapter.180}{\376\377\000T\000h\000e\000\040\000E\000t\000h\000i\000c\000s\000\040\000o\000f\000\040\000C\000o\000m\000b\000i\000n\000a\000t\000i\000o\000n}{part.93}% 376
\BOOKMARK [0][-]{chapter*.105}{\376\377\000A\000p\000p\000e\000n\000d\000i\000x\000\040\000A\000:\000\040\000P\000r\000o\000o\000f\000\040\000o\000f\000\040\000C\000o\000h\000e\000r\000e\000n\000c\000e\000\040\000T\000h\000e\000o\000r\000e\000m\000s\000\040\000i\000n\000\040\000R\000S\000V\000P\000F\000i\000e\000l\000d}{part.93}% 377
\BOOKMARK [0][-]{chapter*.106}{\376\377\000A\000p\000p\000e\000n\000d\000i\000x\000\040\000B\000:\000\040\000T\000e\000n\000s\000o\000r\000-\000N\000e\000t\000w\000o\000r\000k\000\040\000P\000s\000e\000u\000d\000o\000c\000o\000d\000e\000\040\000f\000o\000r\000\040\000C\000o\000o\000p\000e\000r\000a\000t\000i\000v\000e\000\040\000C\000u\000r\000v\000a\000t\000u\000r\000e\000\040\000O\000p\000t\000i\000m\000i\000z\000a\000t\000i\000o\000n}{part.93}% 378
\BOOKMARK [0][-]{chapter*.107}{\376\377\000A\000p\000p\000e\000n\000d\000i\000x\000\040\000C\000:\000\040\000E\000m\000p\000i\000r\000i\000c\000a\000l\000\040\000C\000o\000r\000r\000e\000s\000p\000o\000n\000d\000e\000n\000c\000e\000\040\000B\000e\000t\000w\000e\000e\000n\000\040\000M\000o\000n\000o\000i\000d\000a\000l\000\040\000I\000n\000t\000e\000l\000l\000i\000g\000e\000n\000c\000e\000\040\000a\000n\000d\000\040\000N\000e\000u\000r\000a\000l\000\040\000S\000y\000n\000c\000h\000r\000o\000n\000y}{part.93}% 379
\BOOKMARK [0][-]{chapter*.108}{\376\377\000A\000p\000p\000e\000n\000d\000i\000x\000\040\000D\000:\000\040\000R\000e\000f\000l\000e\000c\000t\000i\000v\000e\000\040\000N\000o\000t\000e\000\040\040\024\000\040\000`\000`\000T\000o\000\040\000T\000h\000i\000n\000k\000\040\000T\000o\000g\000e\000t\000h\000e\000r\000\040\000I\000s\000\040\000t\000o\000\040\000T\000e\000n\000s\000o\000r\000\040\000S\000m\000o\000o\000t\000h\000l\000y\000'\000'}{part.93}% 380
\BOOKMARK [-1][-]{part.94}{\376\377\000X\000C\000I\000V\000\040\000C\000y\000c\000l\000e\000\040\000I\000V\000:\000\040\000S\000h\000e\000a\000f\000i\000c\000\040\000R\000S\000V\000P\000\040\040\024\000\040\000T\000h\000e\000\040\000T\000o\000p\000o\000s\000\040\000o\000f\000\040\000T\000e\000l\000e\000o\000l\000o\000g\000y\000\040\000\050\000B\000o\000o\000k\000s\000\040\0001\0006\040\023\0002\0000\000\051}{}% 381
\BOOKMARK [0][-]{chapter*.109}{\376\377\000P\000r\000e\000f\000a\000c\000e}{part.94}% 382
\BOOKMARK [0][-]{chapter*.110}{\376\377\000D\000i\000a\000g\000r\000a\000m\000m\000a\000t\000i\000c\000\040\000O\000v\000e\000r\000v\000i\000e\000w}{part.94}% 383
\BOOKMARK [0][-]{chapter*.111}{\376\377\000R\000e\000a\000d\000i\000n\000g\000\040\000N\000o\000t\000e}{part.94}% 384
\BOOKMARK [-1][-]{part.95}{\376\377\000X\000C\000V\000\040\000S\000h\000e\000a\000f\000\040\000F\000o\000u\000n\000d\000a\000t\000i\000o\000n\000s\000\040\000f\000o\000r\000\040\000T\000h\000e\000r\000m\000o\000d\000y\000n\000a\000m\000i\000c\000\040\000F\000i\000e\000l\000d\000s}{}% 385
\BOOKMARK [0][-]{chapter.181}{\376\377\000T\000h\000e\000\040\000T\000o\000p\000o\000l\000o\000g\000i\000c\000a\000l\000\040\000M\000a\000n\000i\000f\000o\000l\000d\000\040\000o\000f\000\040\000E\000n\000t\000r\000o\000p\000y}{part.95}% 386
\BOOKMARK [0][-]{chapter.182}{\376\377\000D\000e\000f\000i\000n\000i\000t\000i\000o\000n\000\040\000o\000f\000\040\000t\000h\000e\000\040\000E\000n\000t\000r\000o\000p\000y\000\040\000P\000r\000e\000s\000h\000e\000a\000f}{part.95}% 387
\BOOKMARK [-1][-]{part.96}{\376\377\000X\000C\000V\000I\000\040\000F\000r\000o\000m\000\040\000P\000r\000e\000s\000h\000e\000a\000v\000e\000s\000\040\000t\000o\000\040\000S\000h\000e\000a\000v\000e\000s}{}% 388
\BOOKMARK [0][-]{chapter.183}{\376\377\000T\000h\000e\000\040\000S\000h\000e\000a\000f\000\040\000A\000x\000i\000o\000m\000s}{part.96}% 389
\BOOKMARK [0][-]{chapter.184}{\376\377\000S\000h\000e\000a\000f\000\040\000o\000f\000\040\000C\000u\000r\000v\000a\000t\000u\000r\000e\000\040\000F\000o\000r\000m\000s}{part.96}% 390
\BOOKMARK [-1][-]{part.97}{\376\377\000X\000C\000V\000I\000I\000\040\000E\000x\000a\000c\000t\000\040\000S\000e\000q\000u\000e\000n\000c\000e\000s\000\040\000a\000n\000d\000\040\000L\000o\000c\000a\000l\000\040\000C\000o\000n\000s\000i\000s\000t\000e\000n\000c\000y}{}% 391
\BOOKMARK [0][-]{chapter.185}{\376\377\000E\000x\000a\000c\000t\000n\000e\000s\000s\000\040\000a\000n\000d\000\040\000C\000u\000r\000v\000a\000t\000u\000r\000e\000\040\000R\000e\000p\000a\000i\000r}{part.97}% 392
\BOOKMARK [0][-]{chapter.186}{\376\377\001\014\000e\000c\000h\000\040\000C\000o\000h\000o\000m\000o\000l\000o\000g\000y\000\040\000a\000n\000d\000\040\000B\000o\000u\000n\000d\000a\000r\000y\000\040\000O\000v\000e\000r\000l\000a\000p}{part.97}% 393
\BOOKMARK [-1][-]{part.98}{\376\377\000X\000C\000V\000I\000I\000I\000\040\000C\000o\000g\000n\000i\000t\000i\000v\000e\000\040\000a\000n\000d\000\040\000E\000t\000h\000i\000c\000a\000l\000\040\000I\000n\000t\000e\000r\000p\000r\000e\000t\000a\000t\000i\000o\000n\000s}{}% 394
\BOOKMARK [0][-]{chapter.187}{\376\377\000L\000o\000c\000a\000l\000\040\000K\000n\000o\000w\000l\000e\000d\000g\000e\000\040\000a\000n\000d\000\040\000G\000l\000o\000b\000a\000l\000\040\000U\000n\000d\000e\000r\000s\000t\000a\000n\000d\000i\000n\000g}{part.98}% 395
\BOOKMARK [0][-]{chapter.188}{\376\377\000D\000i\000s\000t\000r\000i\000b\000u\000t\000e\000d\000\040\000E\000t\000h\000i\000c\000s\000\040\000a\000n\000d\000\040\000I\000n\000f\000o\000r\000m\000a\000t\000i\000o\000n\000\040\000F\000l\000o\000w}{part.98}% 396
\BOOKMARK [-1][-]{part.99}{\376\377\000X\000C\000I\000X\000\040\000D\000y\000n\000a\000m\000i\000c\000s\000\040\000o\000f\000\040\000S\000h\000e\000a\000f\000\040\000G\000l\000u\000i\000n\000g}{}% 397
\BOOKMARK [0][-]{chapter.189}{\376\377\000S\000h\000e\000a\000f\000\040\000F\000l\000o\000w\000s\000\040\000a\000n\000d\000\040\000T\000e\000m\000p\000o\000r\000a\000l\000\040\000U\000p\000d\000a\000t\000e\000s}{part.99}% 398
\BOOKMARK [0][-]{chapter.190}{\376\377\000S\000h\000e\000a\000f\000\040\000S\000i\000n\000g\000u\000l\000a\000r\000i\000t\000i\000e\000s\000\040\000a\000n\000d\000\040\000R\000e\000c\000o\000n\000s\000t\000r\000u\000c\000t\000i\000o\000n}{part.99}% 399
\BOOKMARK [-1][-]{part.100}{\376\377\000C\000\040\000E\000m\000p\000i\000r\000i\000c\000a\000l\000\040\000a\000n\000d\000\040\000C\000o\000m\000p\000u\000t\000a\000t\000i\000o\000n\000a\000l\000\040\000H\000o\000r\000i\000z\000o\000n\000s}{}% 400
\BOOKMARK [0][-]{chapter.191}{\376\377\000E\000n\000t\000r\000o\000p\000y\000\040\000S\000h\000e\000a\000v\000e\000s\000\040\000i\000n\000\040\000S\000i\000m\000u\000l\000a\000t\000i\000o\000n}{part.100}% 401
\BOOKMARK [0][-]{chapter.192}{\376\377\000E\000t\000h\000i\000c\000s\000\040\000o\000f\000\040\000L\000o\000c\000a\000l\000i\000t\000y}{part.100}% 402
\BOOKMARK [0][-]{chapter*.112}{\376\377\000A\000p\000p\000e\000n\000d\000i\000x\000\040\000A\000:\000\040\000F\000o\000r\000m\000a\000l\000\040\000D\000e\000f\000i\000n\000i\000t\000i\000o\000n\000\040\000o\000f\000\040\000E\000n\000t\000r\000o\000p\000y\000\040\000S\000h\000e\000a\000f\000\040\000a\000n\000d\000\040\000P\000r\000o\000o\000f\000\040\000o\000f\000\040\000S\000h\000e\000a\000f\000\040\000A\000x\000i\000o\000m\000s}{part.100}% 403
\BOOKMARK [0][-]{chapter*.113}{\376\377\000A\000p\000p\000e\000n\000d\000i\000x\000\040\000B\000:\000\040\000E\000x\000a\000c\000t\000\040\000S\000e\000q\000u\000e\000n\000c\000e\000\040\000E\000x\000a\000m\000p\000l\000e\000s\000\040\000a\000n\000d\000\040\000D\000i\000a\000g\000r\000a\000m\000\040\000S\000c\000h\000e\000m\000a\000t\000a}{part.100}% 404
\BOOKMARK [0][-]{chapter*.114}{\376\377\000A\000p\000p\000e\000n\000d\000i\000x\000\040\000C\000:\000\040\000N\000u\000m\000e\000r\000i\000c\000a\000l\000\040\000E\000x\000p\000e\000r\000i\000m\000e\000n\000t\000s\000\040\000o\000n\000\040\000E\000n\000t\000r\000o\000p\000y\000\040\000S\000h\000e\000a\000f\000\040\000C\000o\000h\000e\000r\000e\000n\000c\000e}{part.100}% 405
\BOOKMARK [0][-]{chapter*.115}{\376\377\000A\000p\000p\000e\000n\000d\000i\000x\000\040\000D\000:\000\040\000R\000e\000f\000l\000e\000c\000t\000i\000v\000e\000\040\000N\000o\000t\000e\000\040\040\024\000\040\000`\000`\000E\000v\000e\000r\000y\000\040\000B\000o\000u\000n\000d\000a\000r\000y\000\040\000I\000s\000\040\000a\000\040\000P\000r\000o\000m\000i\000s\000e\000\040\000o\000f\000\040\000G\000l\000u\000i\000n\000g\000'\000'}{part.100}% 406
\BOOKMARK [0][-]{chapter*.116}{\376\377\000P\000r\000e\000f\000a\000c\000e}{part.100}% 407
\BOOKMARK [0][-]{chapter*.117}{\376\377\000D\000i\000a\000g\000r\000a\000m\000m\000a\000t\000i\000c\000\040\000O\000v\000e\000r\000v\000i\000e\000w}{part.100}% 408
\BOOKMARK [0][-]{chapter*.118}{\376\377\000R\000e\000a\000d\000i\000n\000g\000\040\000N\000o\000t\000e}{part.100}% 409
\BOOKMARK [-1][-]{part.101}{\376\377\000C\000I\000\040\000D\000e\000f\000i\000n\000i\000n\000g\000\040\000t\000h\000e\000\040\000P\000r\000e\000s\000h\000e\000a\000f\000\040\000o\000f\000\040\000M\000e\000a\000n\000i\000n\000g}{}% 410
\BOOKMARK [0][-]{chapter.193}{\376\377\000T\000h\000e\000\040\000S\000e\000m\000a\000n\000t\000i\000c\000\040\000B\000a\000s\000e\000\040\000S\000p\000a\000c\000e}{part.101}% 411
\BOOKMARK [0][-]{chapter.194}{\376\377\000D\000e\000f\000i\000n\000i\000t\000i\000o\000n\000\040\000o\000f\000\040\000t\000h\000e\000\040\000P\000r\000e\000s\000h\000e\000a\000f\000\040\000o\000f\000\040\000I\000n\000t\000e\000l\000l\000i\000g\000i\000b\000i\000l\000i\000t\000y}{part.101}% 412
\BOOKMARK [-1][-]{part.102}{\376\377\000C\000I\000I\000\040\000F\000u\000n\000c\000t\000o\000r\000i\000a\000l\000\040\000S\000e\000m\000a\000n\000t\000i\000c\000s\000\040\000o\000f\000\040\000U\000n\000d\000e\000r\000s\000t\000a\000n\000d\000i\000n\000g}{}% 413
\BOOKMARK [0][-]{chapter.195}{\376\377\000M\000o\000r\000p\000h\000i\000s\000m\000s\000\040\000o\000f\000\040\000I\000n\000t\000e\000l\000l\000i\000g\000i\000b\000i\000l\000i\000t\000y}{part.102}% 414
\BOOKMARK [0][-]{chapter.196}{\376\377\000F\000u\000n\000c\000t\000o\000r\000i\000a\000l\000\040\000L\000i\000m\000i\000t\000s\000\040\000a\000n\000d\000\040\000C\000o\000h\000e\000r\000e\000n\000c\000e}{part.102}% 415
\BOOKMARK [-1][-]{part.103}{\376\377\000C\000I\000I\000I\000\040\000S\000h\000e\000a\000f\000i\000f\000i\000c\000a\000t\000i\000o\000n\000\040\000a\000n\000d\000\040\000L\000o\000s\000s\000y\000\040\000G\000l\000u\000i\000n\000g}{}% 416
\BOOKMARK [0][-]{chapter.197}{\376\377\000F\000r\000o\000m\000\040\000P\000r\000e\000s\000h\000e\000a\000f\000\040\000t\000o\000\040\000S\000h\000e\000a\000f}{part.103}% 417
\BOOKMARK [0][-]{chapter.198}{\376\377\000L\000o\000s\000s\000y\000\040\000R\000e\000s\000t\000r\000i\000c\000t\000i\000o\000n\000\040\000a\000n\000d\000\040\000F\000o\000r\000g\000e\000t\000t\000i\000n\000g}{part.103}% 418
\BOOKMARK [-1][-]{part.104}{\376\377\000C\000I\000V\000\040\000D\000y\000n\000a\000m\000i\000c\000s\000\040\000o\000f\000\040\000M\000e\000a\000n\000i\000n\000g\000\040\000F\000l\000o\000w}{}% 419
\BOOKMARK [0][-]{chapter.199}{\376\377\000D\000i\000f\000f\000e\000r\000e\000n\000t\000i\000a\000l\000\040\000o\000f\000\040\000R\000e\000s\000t\000r\000i\000c\000t\000i\000o\000n}{part.104}% 420
\BOOKMARK [0][-]{chapter.200}{\376\377\000T\000e\000m\000p\000o\000r\000a\000l\000\040\000P\000r\000e\000s\000h\000e\000a\000v\000e\000s}{part.104}% 421
\BOOKMARK [-1][-]{part.105}{\376\377\000C\000V\000\040\000E\000p\000i\000s\000t\000e\000m\000i\000c\000\040\000a\000n\000d\000\040\000E\000t\000h\000i\000c\000a\000l\000\040\000G\000e\000o\000m\000e\000t\000r\000y}{}% 422
\BOOKMARK [0][-]{chapter.201}{\376\377\000L\000o\000c\000a\000l\000\040\000T\000r\000u\000t\000h\000\040\000a\000n\000d\000\040\000R\000e\000l\000a\000t\000i\000o\000n\000a\000l\000\040\000L\000o\000g\000i\000c}{part.105}% 423
\BOOKMARK [0][-]{chapter.202}{\376\377\000E\000t\000h\000i\000c\000s\000\040\000o\000f\000\040\000P\000a\000r\000t\000i\000a\000l\000\040\000U\000n\000d\000e\000r\000s\000t\000a\000n\000d\000i\000n\000g}{part.105}% 424
\BOOKMARK [-1][-]{part.106}{\376\377\000C\000V\000I\000\040\000E\000m\000p\000i\000r\000i\000c\000a\000l\000\040\000a\000n\000d\000\040\000C\000o\000m\000p\000u\000t\000a\000t\000i\000o\000n\000a\000l\000\040\000H\000o\000r\000i\000z\000o\000n\000s}{}% 425
\BOOKMARK [0][-]{chapter.203}{\376\377\000I\000m\000p\000l\000e\000m\000e\000n\000t\000i\000n\000g\000\040\000P\000r\000e\000s\000h\000e\000a\000f\000\040\000M\000o\000d\000e\000l\000s}{part.106}% 426
\BOOKMARK [0][-]{chapter.204}{\376\377\000M\000e\000a\000s\000u\000r\000e\000m\000e\000n\000t\000\040\000a\000n\000d\000\040\000R\000e\000s\000p\000o\000n\000s\000i\000b\000i\000l\000i\000t\000y}{part.106}% 427
\BOOKMARK [0][-]{chapter*.119}{\376\377\000A\000p\000p\000e\000n\000d\000i\000x\000\040\000A\000:\000\040\000F\000o\000r\000m\000a\000l\000\040\000D\000e\000f\000i\000n\000i\000t\000i\000o\000n\000\040\000o\000f\000\040\000I\000\040\000a\000n\000d\000\040\000P\000r\000o\000o\000f\000s\000\040\000o\000f\000\040\000P\000r\000e\000s\000h\000e\000a\000f\000\040\000A\000x\000i\000o\000m\000s}{part.106}% 428
\BOOKMARK [0][-]{chapter*.120}{\376\377\000A\000p\000p\000e\000n\000d\000i\000x\000\040\000B\000:\000\040\000A\000l\000g\000o\000r\000i\000t\000h\000m\000s\000\040\000f\000o\000r\000\040\000S\000h\000e\000a\000f\000i\000f\000i\000c\000a\000t\000i\000o\000n\000\040\000a\000n\000d\000\040\000S\000e\000m\000a\000n\000t\000i\000c\000-\000E\000n\000t\000r\000o\000p\000y\000\040\000E\000s\000t\000i\000m\000a\000t\000i\000o\000n}{part.106}% 429
\BOOKMARK [0][-]{chapter*.121}{\376\377\000A\000p\000p\000e\000n\000d\000i\000x\000\040\000C\000:\000\040\000C\000o\000n\000n\000e\000c\000t\000i\000o\000n\000\040\000t\000o\000\040\000E\000p\000i\000s\000t\000e\000m\000i\000c\000\040\000G\000a\000m\000e\000\040\000T\000h\000e\000o\000r\000y\000\040\000a\000n\000d\000\040\000C\000o\000n\000t\000e\000x\000t\000u\000a\000l\000\040\000L\000o\000g\000i\000c}{part.106}% 430
\BOOKMARK [0][-]{chapter*.122}{\376\377\000A\000p\000p\000e\000n\000d\000i\000x\000\040\000D\000:\000\040\000R\000e\000f\000l\000e\000c\000t\000i\000v\000e\000\040\000N\000o\000t\000e\000\040\040\024\000\040\000`\000`\000M\000e\000a\000n\000i\000n\000g\000\040\000I\000s\000\040\000A\000l\000w\000a\000y\000s\000\040\000L\000o\000c\000a\000l\000\040\000B\000e\000f\000o\000r\000e\000\040\000I\000t\000\040\000I\000s\000\040\000S\000h\000a\000r\000e\000d\000'\000'}{part.106}% 431
\BOOKMARK [0][-]{chapter*.123}{\376\377\000P\000r\000e\000f\000a\000c\000e}{part.106}% 432
\BOOKMARK [0][-]{chapter*.124}{\376\377\000D\000i\000a\000g\000r\000a\000m\000m\000a\000t\000i\000c\000\040\000O\000v\000e\000r\000v\000i\000e\000w}{part.106}% 433
\BOOKMARK [0][-]{chapter*.125}{\376\377\000R\000e\000a\000d\000i\000n\000g\000\040\000N\000o\000t\000e}{part.106}% 434
\BOOKMARK [-1][-]{part.107}{\376\377\000C\000V\000I\000I\000\040\000F\000r\000o\000m\000\040\000S\000h\000e\000a\000v\000e\000s\000\040\000t\000o\000\040\000T\000o\000p\000o\000i}{}% 435
\BOOKMARK [0][-]{chapter.205}{\376\377\000T\000h\000e\000\040\000C\000a\000t\000e\000g\000o\000r\000y\000\040\000o\000f\000\040\000T\000e\000l\000e\000o\000-\000S\000h\000e\000a\000v\000e\000s}{part.107}% 436
\BOOKMARK [0][-]{chapter.206}{\376\377\000T\000h\000e\000\040\000S\000u\000b\000o\000b\000j\000e\000c\000t\000\040\000C\000l\000a\000s\000s\000i\000f\000i\000e\000r\000\040\000o\000f\000\040\000C\000a\000r\000e}{part.107}% 437
\BOOKMARK [-1][-]{part.108}{\376\377\000C\000V\000I\000I\000I\000\040\000I\000n\000t\000e\000r\000n\000a\000l\000\040\000L\000o\000g\000i\000c\000\040\000o\000f\000\040\000E\000n\000t\000r\000o\000p\000y\000\040\000a\000n\000d\000\040\000P\000r\000e\000f\000e\000r\000e\000n\000c\000e}{}% 438
\BOOKMARK [0][-]{chapter.207}{\376\377\000H\000e\000y\000t\000i\000n\000g\000\040\000A\000l\000g\000e\000b\000r\000a\000\040\000o\000f\000\040\000T\000e\000l\000e\000o\000l\000o\000g\000i\000c\000a\000l\000\040\000P\000r\000o\000p\000o\000s\000i\000t\000i\000o\000n\000s}{part.108}% 439
\BOOKMARK [0][-]{chapter.208}{\376\377\000I\000n\000t\000e\000r\000n\000a\000l\000\040\000I\000m\000p\000l\000i\000c\000a\000t\000i\000o\000n\000\040\000a\000n\000d\000\040\000P\000r\000e\000d\000i\000c\000t\000i\000v\000e\000\040\000R\000e\000a\000s\000o\000n\000i\000n\000g}{part.108}% 440
\BOOKMARK [-1][-]{part.109}{\376\377\000C\000I\000X\000\040\000T\000e\000l\000e\000o\000l\000o\000g\000i\000c\000a\000l\000\040\000M\000o\000r\000p\000h\000i\000s\000m\000s\000\040\000a\000n\000d\000\040\000A\000d\000j\000u\000n\000c\000t\000i\000o\000n\000s}{}% 441
\BOOKMARK [0][-]{chapter.209}{\376\377\000T\000h\000e\000\040\000T\000e\000l\000e\000o\000\040\000A\000d\000j\000u\000n\000c\000t\000i\000o\000n}{part.109}% 442
\BOOKMARK [0][-]{chapter.210}{\376\377\000M\000o\000d\000a\000l\000\040\000O\000p\000e\000r\000a\000t\000o\000r\000s\000\040\000o\000f\000\040\000C\000a\000r\000e}{part.109}% 443
\BOOKMARK [-1][-]{part.110}{\376\377\000C\000X\000\040\000T\000o\000p\000o\000s\000\040\000M\000o\000r\000p\000h\000i\000s\000m\000s\000\040\000a\000n\000d\000\040\000C\000o\000s\000m\000i\000c\000\040\000R\000e\000a\000s\000o\000n\000i\000n\000g}{}% 444
\BOOKMARK [0][-]{chapter.211}{\376\377\000G\000e\000o\000m\000e\000t\000r\000i\000c\000\040\000M\000o\000r\000p\000h\000i\000s\000m\000s\000\040\000b\000e\000t\000w\000e\000e\000n\000\040\000W\000o\000r\000l\000d\000s}{part.110}% 445
\BOOKMARK [0][-]{chapter.212}{\376\377\000T\000h\000e\000\040\000C\000o\000s\000m\000o\000s\000\040\000a\000s\000\040\000I\000n\000t\000e\000r\000n\000a\000l\000\040\000L\000a\000n\000g\000u\000a\000g\000e}{part.110}% 446
\BOOKMARK [-1][-]{part.111}{\376\377\000C\000X\000I\000\040\000E\000t\000h\000i\000c\000a\000l\000\040\000a\000n\000d\000\040\000E\000p\000i\000s\000t\000e\000m\000i\000c\000\040\000C\000o\000n\000s\000e\000q\000u\000e\000n\000c\000e\000s}{}% 447
\BOOKMARK [0][-]{chapter.213}{\376\377\000E\000p\000i\000s\000t\000e\000m\000i\000c\000\040\000T\000o\000p\000o\000s\000\040\000a\000n\000d\000\040\000A\000g\000e\000n\000c\000y}{part.111}% 448
\BOOKMARK [0][-]{chapter.214}{\376\377\000T\000h\000e\000\040\000L\000o\000g\000i\000c\000\040\000o\000f\000\040\000L\000o\000v\000e}{part.111}% 449
\BOOKMARK [-1][-]{part.112}{\376\377\000C\000X\000I\000I\000\040\000E\000m\000p\000i\000r\000i\000c\000a\000l\000\040\000a\000n\000d\000\040\000C\000o\000m\000p\000u\000t\000a\000t\000i\000o\000n\000a\000l\000\040\000H\000o\000r\000i\000z\000o\000n\000s}{}% 450
\BOOKMARK [0][-]{chapter.215}{\376\377\000M\000o\000d\000e\000l\000i\000n\000g\000\040\000i\000n\000\040\000T\000o\000p\000o\000s\000\040\000L\000o\000g\000i\000c}{part.112}% 451
\BOOKMARK [0][-]{chapter.216}{\376\377\000R\000e\000f\000l\000e\000x\000i\000v\000i\000t\000y\000\040\000a\000n\000d\000\040\000M\000o\000r\000a\000l\000\040\000P\000r\000o\000o\000f}{part.112}% 452
\BOOKMARK [0][-]{chapter*.126}{\376\377\000A\000p\000p\000e\000n\000d\000i\000x\000\040\000A\000:\000\040\000F\000o\000r\000m\000a\000l\000\040\000C\000o\000n\000s\000t\000r\000u\000c\000t\000i\000o\000n\000\040\000o\000f\000\040\000T\000e\000l\000e\000o\000S\000h\000\050\000M\000\051\000\040\000a\000n\000d\000\040\000P\000r\000o\000o\000f\000\040\000o\000f\000\040\000C\000a\000r\000t\000e\000s\000i\000a\000n\000\040\000C\000l\000o\000s\000u\000r\000e}{part.112}% 453
\BOOKMARK [0][-]{chapter*.127}{\376\377\000A\000p\000p\000e\000n\000d\000i\000x\000\040\000B\000:\000\040\000H\000e\000y\000t\000i\000n\000g\000\040\000A\000l\000g\000e\000b\000r\000a\000\040\000D\000e\000r\000i\000v\000a\000t\000i\000o\000n\000s\000\040\000f\000o\000r\000\040\000B\000o\000u\000n\000d\000e\000d\000\040\000E\000n\000t\000r\000o\000p\000y\000\040\000C\000o\000n\000n\000e\000c\000t\000i\000v\000e\000s}{part.112}% 454
\BOOKMARK [0][-]{chapter*.128}{\376\377\000A\000p\000p\000e\000n\000d\000i\000x\000\040\000C\000:\000\040\000E\000x\000a\000m\000p\000l\000e\000s\000\040\000o\000f\000\040\000T\000e\000l\000e\000o\000l\000o\000g\000i\000c\000a\000l\000\040\000T\000r\000u\000t\000h\000\040\000T\000a\000b\000l\000e\000s\000\040\000i\000n\000\040\000G\000o\000v\000e\000r\000n\000a\000n\000c\000e\000\040\000M\000o\000d\000e\000l\000s}{part.112}% 455
\BOOKMARK [0][-]{chapter*.129}{\376\377\000A\000p\000p\000e\000n\000d\000i\000x\000\040\000D\000:\000\040\000R\000e\000f\000l\000e\000c\000t\000i\000v\000e\000\040\000N\000o\000t\000e\000\040\040\024\000\040\000`\000`\000L\000o\000g\000i\000c\000\040\000a\000n\000d\000\040\000L\000o\000v\000e\000\040\000A\000r\000e\000\040\000T\000w\000o\000\040\000N\000a\000m\000e\000s\000\040\000f\000o\000r\000\040\000C\000o\000h\000e\000r\000e\000n\000c\000e\000'\000'}{part.112}% 456
\BOOKMARK [0][-]{chapter*.130}{\376\377\000P\000r\000e\000f\000a\000c\000e}{part.112}% 457
\BOOKMARK [0][-]{chapter*.131}{\376\377\000D\000i\000a\000g\000r\000a\000m\000m\000a\000t\000i\000c\000\040\000O\000v\000e\000r\000v\000i\000e\000w}{part.112}% 458
\BOOKMARK [0][-]{chapter*.132}{\376\377\000R\000e\000a\000d\000i\000n\000g\000\040\000N\000o\000t\000e}{part.112}% 459
\BOOKMARK [-1][-]{part.113}{\376\377\000C\000X\000I\000I\000I\000\040\000F\000o\000u\000n\000d\000a\000t\000i\000o\000n\000s\000\040\000o\000f\000\040\000C\000o\000h\000o\000m\000o\000l\000o\000g\000i\000c\000a\000l\000\040\000C\000a\000r\000e}{}% 460
\BOOKMARK [0][-]{chapter.217}{\376\377\000E\000x\000a\000c\000t\000\040\000S\000e\000q\000u\000e\000n\000c\000e\000s\000\040\000o\000f\000\040\000C\000o\000m\000p\000a\000s\000s\000i\000o\000n}{part.113}% 461
\BOOKMARK [0][-]{chapter.218}{\376\377\001\014\000e\000c\000h\000\040\000C\000o\000h\000o\000m\000o\000l\000o\000g\000y\000\040\000a\000n\000d\000\040\000O\000v\000e\000r\000l\000a\000p}{part.113}% 462
\BOOKMARK [-1][-]{part.114}{\376\377\000C\000X\000I\000V\000\040\000T\000h\000e\000\040\000G\000e\000o\000m\000e\000t\000r\000y\000\040\000o\000f\000\040\000D\000e\000s\000i\000r\000e}{}% 463
\BOOKMARK [0][-]{chapter.219}{\376\377\000I\000n\000t\000e\000r\000p\000r\000e\000t\000a\000t\000i\000o\000n\000\040\000o\000f\000\040\000H\0001}{part.114}% 464
\BOOKMARK [0][-]{chapter.220}{\376\377\000H\000i\000g\000h\000e\000r\000\040\000C\000o\000h\000o\000m\000o\000l\000o\000g\000y\000\040\000a\000n\000d\000\040\000C\000o\000m\000p\000l\000e\000x\000\040\000E\000m\000o\000t\000i\000o\000n}{part.114}% 465
\BOOKMARK [-1][-]{part.115}{\376\377\000C\000X\000V\000\040\000D\000e\000r\000i\000v\000e\000d\000\040\000F\000u\000n\000c\000t\000o\000r\000s\000\040\000a\000n\000d\000\040\000R\000e\000c\000o\000n\000s\000t\000r\000u\000c\000t\000i\000o\000n}{}% 466
\BOOKMARK [0][-]{chapter.221}{\376\377\000E\000x\000t\000\040\000a\000n\000d\000\040\000T\000o\000r\000\040\000o\000f\000\040\000I\000n\000t\000e\000l\000l\000i\000g\000i\000b\000i\000l\000i\000t\000y}{part.115}% 467
\BOOKMARK [0][-]{chapter.222}{\376\377\000L\000o\000n\000g\000\040\000E\000x\000a\000c\000t\000\040\000S\000e\000q\000u\000e\000n\000c\000e\000\040\000o\000f\000\040\000H\000e\000a\000l\000i\000n\000g}{part.115}% 468
\BOOKMARK [-1][-]{part.116}{\376\377\000C\000X\000V\000I\000\040\000D\000e\000s\000i\000r\000e\000\040\000a\000s\000\040\000D\000y\000n\000a\000m\000i\000c\000\040\000T\000o\000p\000o\000l\000o\000g\000y}{}% 469
\BOOKMARK [0][-]{chapter.223}{\376\377\000C\000o\000h\000o\000m\000o\000l\000o\000g\000i\000c\000a\000l\000\040\000F\000l\000o\000w\000\040\000E\000q\000u\000a\000t\000i\000o\000n}{part.116}% 470
\BOOKMARK [0][-]{chapter.224}{\376\377\000P\000h\000a\000s\000e\000\040\000T\000r\000a\000n\000s\000i\000t\000i\000o\000n\000s\000\040\000a\000n\000d\000\040\000O\000b\000s\000t\000r\000u\000c\000t\000i\000o\000n\000\040\000M\000e\000l\000t\000i\000n\000g}{part.116}% 471
\BOOKMARK [-1][-]{part.117}{\376\377\000C\000X\000V\000I\000I\000\040\000C\000o\000g\000n\000i\000t\000i\000v\000e\000\040\000a\000n\000d\000\040\000E\000t\000h\000i\000c\000a\000l\000\040\000A\000p\000p\000l\000i\000c\000a\000t\000i\000o\000n\000s}{}% 472
\BOOKMARK [0][-]{chapter.225}{\376\377\000C\000o\000h\000o\000m\000o\000l\000o\000g\000y\000\040\000o\000f\000\040\000M\000i\000n\000d\000s}{part.117}% 473
\BOOKMARK [0][-]{chapter.226}{\376\377\000E\000t\000h\000i\000c\000a\000l\000\040\000T\000o\000p\000o\000s\000\040\000o\000f\000\040\000D\000e\000s\000i\000r\000e}{part.117}% 474
\BOOKMARK [-1][-]{part.118}{\376\377\000C\000X\000V\000I\000I\000I\000\040\000E\000m\000p\000i\000r\000i\000c\000a\000l\000\040\000a\000n\000d\000\040\000C\000o\000s\000m\000i\000c\000\040\000H\000o\000r\000i\000z\000o\000n\000s}{}% 475
\BOOKMARK [0][-]{chapter.227}{\376\377\000C\000o\000m\000p\000u\000t\000a\000t\000i\000o\000n\000a\000l\000\040\000C\000o\000h\000o\000m\000o\000l\000o\000g\000y\000\040\000o\000f\000\040\000A\000l\000i\000g\000n\000m\000e\000n\000t}{part.118}% 476
\BOOKMARK [0][-]{chapter.228}{\376\377\000T\000h\000e\000\040\000C\000o\000s\000m\000o\000s\000\040\000Y\000e\000a\000r\000n\000s}{part.118}% 477
\BOOKMARK [0][-]{chapter*.133}{\376\377\000A\000p\000p\000e\000n\000d\000i\000x\000\040\000A\000:\000\040\000F\000o\000r\000m\000a\000l\000\040\000D\000e\000r\000i\000v\000a\000t\000i\000o\000n\000\040\000o\000f\000\040\001\014\000e\000c\000h\000\040\000C\000o\000h\000o\000m\000o\000l\000o\000g\000y\000\040\000f\000o\000r\000\040\000E\000n\000t\000r\000o\000p\000y\000\040\000S\000h\000e\000a\000v\000e\000s}{part.118}% 478
\BOOKMARK [0][-]{chapter*.134}{\376\377\000A\000p\000p\000e\000n\000d\000i\000x\000\040\000B\000:\000\040\000E\000x\000a\000m\000p\000l\000e\000s\000\040\000o\000f\000\040\000N\000o\000n\000-\000T\000r\000i\000v\000i\000a\000l\000\040\000H\0001\000\040\000i\000n\000\040\000S\000i\000m\000u\000l\000a\000t\000e\000d\000\040\000P\000l\000e\000n\000a}{part.118}% 479
\BOOKMARK [0][-]{chapter*.135}{\376\377\000A\000p\000p\000e\000n\000d\000i\000x\000\040\000C\000:\000\040\000A\000l\000g\000o\000r\000i\000t\000h\000m\000i\000c\000\040\000P\000i\000p\000e\000l\000i\000n\000e\000\040\000f\000o\000r\000\040\000E\000t\000h\000i\000c\000a\000l\000\040\000C\000o\000h\000o\000m\000o\000l\000o\000g\000y\000\040\000A\000n\000a\000l\000y\000s\000i\000s}{part.118}% 480
\BOOKMARK [0][-]{chapter*.136}{\376\377\000A\000p\000p\000e\000n\000d\000i\000x\000\040\000D\000:\000\040\000R\000e\000f\000l\000e\000c\000t\000i\000v\000e\000\040\000N\000o\000t\000e\000\040\040\024\000\040\000`\000`\000W\000h\000e\000r\000e\000\040\000T\000h\000e\000r\000e\000\040\000I\000s\000\040\000O\000b\000s\000t\000r\000u\000c\000t\000i\000o\000n\000,\000\040\000T\000h\000e\000r\000e\000\040\000I\000s\000\040\000H\000o\000p\000e\000'\000'}{part.118}% 481
\BOOKMARK [0][-]{chapter*.137}{\376\377\000P\000r\000e\000f\000a\000c\000e}{part.118}% 482
\BOOKMARK [0][-]{chapter*.138}{\376\377\000D\000i\000a\000g\000r\000a\000m\000m\000a\000t\000i\000c\000\040\000O\000v\000e\000r\000v\000i\000e\000w}{part.118}% 483
\BOOKMARK [0][-]{chapter*.139}{\376\377\000R\000e\000a\000d\000i\000n\000g\000\040\000N\000o\000t\000e}{part.118}% 484
\BOOKMARK [-1][-]{part.119}{\376\377\000C\000X\000I\000X\000\040\000F\000r\000o\000m\000\040\000S\000h\000e\000a\000v\000e\000s\000\040\000t\000o\000\040\000S\000t\000a\000c\000k\000s}{}% 485
\BOOKMARK [0][-]{chapter.229}{\376\377\000D\000e\000f\000i\000n\000i\000t\000i\000o\000n\000\040\000o\000f\000\040\000a\000\040\000S\000t\000a\000c\000k\000\040\000o\000f\000\040\000P\000l\000e\000n\000a}{part.119}% 486
\BOOKMARK [0][-]{chapter.230}{\376\377\000D\000e\000r\000i\000v\000e\000d\000\040\000E\000n\000h\000a\000n\000c\000e\000m\000e\000n\000t}{part.119}% 487
\BOOKMARK [-1][-]{part.120}{\376\377\000C\000X\000X\000\040\000R\000e\000c\000u\000r\000s\000i\000v\000e\000\040\000F\000u\000t\000a\000r\000c\000h\000y}{}% 488
\BOOKMARK [0][-]{chapter.231}{\376\377\000D\000e\000f\000i\000n\000i\000t\000i\000o\000n\000\040\000a\000n\000d\000\040\000M\000o\000t\000i\000v\000a\000t\000i\000o\000n}{part.120}% 489
\BOOKMARK [0][-]{chapter.232}{\376\377\000H\000o\000m\000o\000t\000o\000p\000y\000\040\000o\000f\000\040\000G\000o\000v\000e\000r\000n\000a\000n\000c\000e}{part.120}% 490
\BOOKMARK [-1][-]{part.121}{\376\377\000C\000X\000X\000I\000\040\000E\000t\000h\000i\000c\000a\000l\000\040\000G\000e\000o\000m\000e\000t\000r\000y\000\040\000o\000f\000\040\000L\000a\000y\000e\000r\000e\000d\000\040\000W\000o\000r\000l\000d\000s}{}% 491
\BOOKMARK [0][-]{chapter.233}{\376\377\000T\000h\000e\000\040\000S\000t\000r\000a\000t\000i\000f\000i\000e\000d\000\040\000M\000a\000n\000i\000f\000o\000l\000d\000\040\000o\000f\000\040\000C\000a\000r\000e}{part.121}% 492
\BOOKMARK [0][-]{chapter.234}{\376\377\000S\000t\000a\000c\000k\000y\000\040\000S\000y\000m\000p\000l\000e\000c\000t\000i\000c\000\040\000S\000t\000r\000u\000c\000t\000u\000r\000e}{part.121}% 493
\BOOKMARK [-1][-]{part.122}{\376\377\000C\000X\000X\000I\000I\000\040\000D\000y\000n\000a\000m\000i\000c\000s\000\040\000o\000f\000\040\000R\000e\000c\000u\000r\000s\000i\000v\000e\000\040\000L\000e\000a\000r\000n\000i\000n\000g}{}% 494
\BOOKMARK [0][-]{chapter.235}{\376\377\000H\000i\000g\000h\000e\000r\000\040\000C\000a\000t\000e\000g\000o\000r\000y\000\040\000o\000f\000\040\000L\000e\000a\000r\000n\000i\000n\000g\000\040\000P\000r\000o\000c\000e\000s\000s\000e\000s}{part.122}% 495
\BOOKMARK [0][-]{chapter.236}{\376\377\000D\000e\000r\000i\000v\000e\000d\000\040\000U\000p\000d\000a\000t\000e\000\040\000R\000u\000l\000e}{part.122}% 496
\BOOKMARK [-1][-]{part.123}{\376\377\000C\000X\000X\000I\000I\000I\000\040\000C\000o\000m\000p\000u\000t\000a\000t\000i\000o\000n\000a\000l\000\040\000a\000n\000d\000\040\000C\000o\000g\000n\000i\000t\000i\000v\000e\000\040\000R\000e\000a\000l\000i\000z\000a\000t\000i\000o\000n\000s}{}% 497
\BOOKMARK [0][-]{chapter.237}{\376\377\000I\000m\000p\000l\000e\000m\000e\000n\000t\000a\000t\000i\000o\000n\000\040\000i\000n\000\040\000M\000u\000l\000t\000i\000-\000A\000g\000e\000n\000t\000\040\000S\000y\000s\000t\000e\000m\000s}{part.123}% 498
\BOOKMARK [0][-]{chapter.238}{\376\377\000N\000e\000u\000r\000a\000l\000\040\000a\000n\000d\000\040\000C\000u\000l\000t\000u\000r\000a\000l\000\040\000S\000t\000a\000c\000k\000s}{part.123}% 499
\BOOKMARK [-1][-]{part.124}{\376\377\000C\000X\000X\000I\000V\000\040\000C\000o\000s\000m\000o\000l\000o\000g\000i\000c\000a\000l\000\040\000a\000n\000d\000\040\000E\000s\000c\000h\000a\000t\000o\000l\000o\000g\000i\000c\000a\000l\000\040\000C\000l\000o\000s\000u\000r\000e}{}% 500
\BOOKMARK [0][-]{chapter.239}{\376\377\000T\000h\000e\000\040\000I\000n\000f\000i\000n\000i\000t\000e\000\040\000T\000o\000w\000e\000r\000\040\000o\000f\000\040\000S\000m\000o\000o\000t\000h\000n\000e\000s\000s}{part.124}% 501
\BOOKMARK [0][-]{chapter.240}{\376\377\000T\000h\000e\000\040\000F\000i\000n\000a\000l\000\040\000A\000d\000j\000o\000i\000n\000t\000:\000\040\000S\000e\000l\000f\000-\000G\000o\000v\000e\000r\000n\000a\000n\000c\000e\000\040\000o\000f\000\040\000B\000e\000i\000n\000g}{part.124}% 502
\BOOKMARK [0][-]{chapter*.140}{\376\377\000A\000p\000p\000e\000n\000d\000i\000x\000\040\000A\000:\000\040\000D\000e\000f\000i\000n\000i\000t\000i\000o\000n\000\040\000o\000f\000\040\000D\000e\000r\000i\000v\000e\000d\000\040\000S\000t\000a\000c\000k\000\040\000a\000n\000d\000\040\000P\000r\000o\000o\000f\000\040\000o\000f\000\040\000H\000o\000m\000o\000t\000o\000p\000y\000\040\000C\000o\000h\000e\000r\000e\000n\000c\000e\000\040\000C\000o\000n\000d\000i\000t\000i\000o\000n\000s}{part.124}% 503
\BOOKMARK [0][-]{chapter*.141}{\376\377\000A\000p\000p\000e\000n\000d\000i\000x\000\040\000B\000:\000\040\000P\000T\000V\000V\000-\000S\000t\000y\000l\000e\000\040\000C\000o\000n\000s\000t\000r\000u\000c\000t\000i\000o\000n\000\040\000o\000f\000\040\000t\000h\000e\000\040\000\050\000-\0001\000\051\000-\000S\000h\000i\000f\000t\000e\000d\000\040\000S\000y\000m\000p\000l\000e\000c\000t\000i\000c\000\040\000F\000o\000r\000m}{part.124}% 504
\BOOKMARK [0][-]{chapter*.142}{\376\377\000A\000p\000p\000e\000n\000d\000i\000x\000\040\000C\000:\000\040\000A\000l\000g\000o\000r\000i\000t\000h\000m\000i\000c\000\040\000P\000s\000e\000u\000d\000o\000c\000o\000d\000e\000\040\000f\000o\000r\000\040\000R\000e\000c\000u\000r\000s\000i\000v\000e\000\040\000F\000u\000t\000a\000r\000c\000h\000i\000c\000\040\000U\000p\000d\000a\000t\000e}{part.124}% 505
\BOOKMARK [0][-]{chapter*.143}{\376\377\000A\000p\000p\000e\000n\000d\000i\000x\000\040\000D\000:\000\040\000R\000e\000f\000l\000e\000c\000t\000i\000v\000e\000\040\000N\000o\000t\000e\000\040\040\024\000\040\000`\000`\000E\000v\000e\000r\000y\000\040\000L\000a\000y\000e\000r\000\040\000C\000a\000r\000e\000s\000\040\000f\000o\000r\000\040\000t\000h\000e\000\040\000L\000a\000y\000e\000r\000\040\000B\000e\000n\000e\000a\000t\000h\000\040\000I\000t\000'\000'}{part.124}% 506
